,val
2004-01-02 00:00:00+00:00,0.0
2004-01-05 00:00:00+00:00,0.0
2004-01-06 00:00:00+00:00,0.0
2004-01-07 00:00:00+00:00,0.0
2004-01-08 00:00:00+00:00,0.0
2004-01-09 00:00:00+00:00,-4.282629e-13
2004-01-12 00:00:00+00:00,0.008606115
2004-01-13 00:00:00+00:00,-0.01899073
2004-01-14 00:00:00+00:00,0.008175663
2004-01-15 00:00:00+00:00,-0.003031564
2004-01-16 00:00:00+00:00,0.01502577
2004-01-20 00:00:00+00:00,-0.00582589
2004-01-21 00:00:00+00:00,-0.001855018
2004-01-22 00:00:00+00:00,-0.005767364
2004-01-23 00:00:00+00:00,9.99379e-05
2004-01-26 00:00:00+00:00,0.0103226
2004-01-27 00:00:00+00:00,-0.01157323
2004-01-28 00:00:00+00:00,-0.01400125
2004-01-29 00:00:00+00:00,-0.009509851
2004-01-30 00:00:00+00:00,0.0005728714
2004-02-02 00:00:00+00:00,0.000838955
2004-02-03 00:00:00+00:00,0.0135623
2004-02-04 00:00:00+00:00,-0.02481191
2004-02-05 00:00:00+00:00,0.01601084
2004-02-06 00:00:00+00:00,0.03132722
2004-02-09 00:00:00+00:00,-0.0003282008
2004-02-10 00:00:00+00:00,0.02086293
2004-02-11 00:00:00+00:00,0.006265356
2004-02-12 00:00:00+00:00,-0.00690812
2004-02-13 00:00:00+00:00,-0.002883037
2004-02-17 00:00:00+00:00,0.01189097
2004-02-18 00:00:00+00:00,-0.0009908066
2004-02-19 00:00:00+00:00,-0.01396831
2004-02-20 00:00:00+00:00,0.00182061
2004-02-23 00:00:00+00:00,-0.012832
2004-02-24 00:00:00+00:00,-0.0002356224
2004-02-25 00:00:00+00:00,0.01406343
2004-02-26 00:00:00+00:00,0.002355223
2004-02-27 00:00:00+00:00,-0.007261291
2004-03-01 00:00:00+00:00,0.01678465
2004-03-02 00:00:00+00:00,-0.001738072
2004-03-03 00:00:00+00:00,-0.0007094547
2004-03-04 00:00:00+00:00,0.009674607
2004-03-05 00:00:00+00:00,-0.01050842
2004-03-08 00:00:00+00:00,-0.02446502
2004-03-09 00:00:00+00:00,0.00593618
2004-03-10 00:00:00+00:00,-0.01296338
2004-03-11 00:00:00+00:00,-0.004018143
2004-03-12 00:00:00+00:00,0.01578188
2004-03-15 00:00:00+00:00,-0.01665899
2004-03-16 00:00:00+00:00,0.02196423
2004-03-17 00:00:00+00:00,0.01321075
2004-03-18 00:00:00+00:00,-0.004971047
2004-03-19 00:00:00+00:00,-0.005271729
2004-03-22 00:00:00+00:00,-0.007117375
2004-03-23 00:00:00+00:00,-0.005897883
2004-03-24 00:00:00+00:00,0.004595585
2004-03-25 00:00:00+00:00,0.0267014
2004-03-26 00:00:00+00:00,0.0003054223
2004-03-29 00:00:00+00:00,0.01015113
2004-03-30 00:00:00+00:00,0.005007085
2004-03-31 00:00:00+00:00,0.006381019
2004-04-01 00:00:00+00:00,-0.005772981
2004-04-02 00:00:00+00:00,0.01481204
2004-04-05 00:00:00+00:00,0.01106721
2004-04-06 00:00:00+00:00,-0.003460203
2004-04-07 00:00:00+00:00,-0.005426047
2004-04-08 00:00:00+00:00,0.0110639
2004-04-12 00:00:00+00:00,0.02400266
2004-04-13 00:00:00+00:00,-0.014031
2004-04-14 00:00:00+00:00,0.007280839
2004-04-15 00:00:00+00:00,-0.01085125
2004-04-16 00:00:00+00:00,0.009093276
2004-04-19 00:00:00+00:00,0.00221311
2004-04-20 00:00:00+00:00,-0.009759135
2004-04-21 00:00:00+00:00,0.01512691
2004-04-22 00:00:00+00:00,0.007050072
2004-04-23 00:00:00+00:00,0.01284698
2004-04-26 00:00:00+00:00,-0.01187038
2004-04-27 00:00:00+00:00,-7.492988e-05
2004-04-28 00:00:00+00:00,-0.007381458
2004-04-29 00:00:00+00:00,-0.01789049
2004-04-30 00:00:00+00:00,-0.009847355
2004-05-03 00:00:00+00:00,0.004366251
2004-05-04 00:00:00+00:00,0.00180521
2004-05-05 00:00:00+00:00,0.0006454112
2004-05-06 00:00:00+00:00,-0.01873437
2004-05-07 00:00:00+00:00,-0.001577659
2004-05-10 00:00:00+00:00,-0.001283714
2004-05-11 00:00:00+00:00,0.01293324
2004-05-12 00:00:00+00:00,-0.004088021
2004-05-13 00:00:00+00:00,0.001770286
2004-05-14 00:00:00+00:00,-0.007675202
2004-05-17 00:00:00+00:00,-0.01321533
2004-05-18 00:00:00+00:00,0.013645
2004-05-19 00:00:00+00:00,0.001563755
2004-05-20 00:00:00+00:00,-0.004319486
2004-05-21 00:00:00+00:00,-0.003914855
2004-05-24 00:00:00+00:00,0.008305003
2004-05-25 00:00:00+00:00,0.0253957
2004-05-26 00:00:00+00:00,-0.0004324573
2004-05-27 00:00:00+00:00,0.01578934
2004-05-28 00:00:00+00:00,-0.004413861
2004-06-01 00:00:00+00:00,0.003882299
2004-06-02 00:00:00+00:00,0.01445119
2004-06-03 00:00:00+00:00,-0.008302065
2004-06-04 00:00:00+00:00,0.00615712
2004-06-07 00:00:00+00:00,0.01397697
2004-06-08 00:00:00+00:00,0.01039251
2004-06-09 00:00:00+00:00,-0.006538433
2004-06-10 00:00:00+00:00,0.007391486
2004-06-14 00:00:00+00:00,-0.008182536
2004-06-15 00:00:00+00:00,0.01164373
2004-06-16 00:00:00+00:00,-0.004797954
2004-06-17 00:00:00+00:00,-0.007131012
2004-06-18 00:00:00+00:00,0.006308808
2004-06-21 00:00:00+00:00,-0.004779641
2004-06-22 00:00:00+00:00,0.01948195
2004-06-23 00:00:00+00:00,0.01091674
2004-06-24 00:00:00+00:00,-0.006980175
2004-06-25 00:00:00+00:00,0.02827417
2004-06-28 00:00:00+00:00,-0.009721032
2004-06-29 00:00:00+00:00,-0.0007415508
2004-06-30 00:00:00+00:00,0.00161087
2004-07-01 00:00:00+00:00,-0.01509848
2004-07-02 00:00:00+00:00,-0.01244023
2004-07-06 00:00:00+00:00,-0.005378657
2004-07-07 00:00:00+00:00,0.004018543
2004-07-08 00:00:00+00:00,-0.00885152
2004-07-09 00:00:00+00:00,0.02345687
2004-07-12 00:00:00+00:00,-0.004313446
2004-07-13 00:00:00+00:00,0.001371575
2004-07-14 00:00:00+00:00,-0.02128712
2004-07-15 00:00:00+00:00,-0.01539687
2004-07-16 00:00:00+00:00,-0.005002758
2004-07-19 00:00:00+00:00,-0.006892944
2004-07-20 00:00:00+00:00,0.01286829
2004-07-21 00:00:00+00:00,-0.01446254
2004-07-22 00:00:00+00:00,0.01159312
2004-07-23 00:00:00+00:00,-0.01810036
2004-07-26 00:00:00+00:00,-0.01180157
2004-07-27 00:00:00+00:00,0.012596
2004-07-28 00:00:00+00:00,-0.008525866
2004-07-29 00:00:00+00:00,0.01430833
2004-07-30 00:00:00+00:00,0.006328443
2004-08-02 00:00:00+00:00,0.002372489
2004-08-03 00:00:00+00:00,-0.01395724
2004-08-04 00:00:00+00:00,0.005259767
2004-08-05 00:00:00+00:00,-0.01648708
2004-08-06 00:00:00+00:00,-0.01872147
2004-08-09 00:00:00+00:00,0.001017113
2004-08-10 00:00:00+00:00,0.009955648
2004-08-11 00:00:00+00:00,-0.01333885
2004-08-12 00:00:00+00:00,-0.010501
2004-08-13 00:00:00+00:00,0.01804188
2004-08-16 00:00:00+00:00,0.006956286
2004-08-17 00:00:00+00:00,0.006273299
2004-08-18 00:00:00+00:00,0.01670352
2004-08-19 00:00:00+00:00,0.002122057
2004-08-20 00:00:00+00:00,-0.001568459
2004-08-23 00:00:00+00:00,-0.007562273
2004-08-24 00:00:00+00:00,-0.004688188
2004-08-25 00:00:00+00:00,0.002526132
2004-08-26 00:00:00+00:00,-0.003916127
2004-08-27 00:00:00+00:00,0.001334156
2004-08-30 00:00:00+00:00,-0.007413823
2004-08-31 00:00:00+00:00,-0.009000117
2004-09-01 00:00:00+00:00,0.01193197
2004-09-02 00:00:00+00:00,0.01630443
2004-09-03 00:00:00+00:00,-0.01681233
2004-09-07 00:00:00+00:00,-0.000778477
2004-09-08 00:00:00+00:00,-0.002989113
2004-09-09 00:00:00+00:00,0.008444101
2004-09-10 00:00:00+00:00,0.01491026
2004-09-13 00:00:00+00:00,0.01073808
2004-09-14 00:00:00+00:00,0.002338847
2004-09-15 00:00:00+00:00,-0.01115903
2004-09-16 00:00:00+00:00,0.0009207376
2004-09-17 00:00:00+00:00,0.0009162931
2004-09-20 00:00:00+00:00,-0.003084989
2004-09-21 00:00:00+00:00,0.007353206
2004-09-22 00:00:00+00:00,-0.0170769
2004-09-23 00:00:00+00:00,-0.008184109
2004-09-24 00:00:00+00:00,0.001932033
2004-09-27 00:00:00+00:00,-0.005068245
2004-09-28 00:00:00+00:00,0.007114135
2004-09-29 00:00:00+00:00,0.002912375
2004-09-30 00:00:00+00:00,0.001139082
2004-10-01 00:00:00+00:00,0.01239547
2004-10-04 00:00:00+00:00,0.0008574315
2004-10-05 00:00:00+00:00,-0.002032892
2004-10-06 00:00:00+00:00,0.01509627
2004-10-07 00:00:00+00:00,4.890688e-05
2004-10-08 00:00:00+00:00,-0.0108466
2004-10-11 00:00:00+00:00,-0.003124595
2004-10-12 00:00:00+00:00,0.001333571
2004-10-13 00:00:00+00:00,-0.006063052
2004-10-14 00:00:00+00:00,-0.00425705
2004-10-15 00:00:00+00:00,0.003163167
2004-10-18 00:00:00+00:00,0.01120279
2004-10-19 00:00:00+00:00,-0.008290758
2004-10-20 00:00:00+00:00,0.007597022
2004-10-21 00:00:00+00:00,0.005052994
2004-10-22 00:00:00+00:00,-0.01387352
2004-10-25 00:00:00+00:00,-0.007138643
2004-10-26 00:00:00+00:00,0.002111568
2004-10-27 00:00:00+00:00,0.01449816
2004-10-28 00:00:00+00:00,0.0003575693
2004-10-29 00:00:00+00:00,0.003730912
2004-11-01 00:00:00+00:00,-0.001049113
2004-11-02 00:00:00+00:00,0.00457845
2004-11-03 00:00:00+00:00,0.003077004
2004-11-04 00:00:00+00:00,0.04408464
2004-11-05 00:00:00+00:00,0.02871581
2004-11-08 00:00:00+00:00,0.008458073
2004-11-09 00:00:00+00:00,-0.006631967
2004-11-10 00:00:00+00:00,-0.0001823149
2004-11-11 00:00:00+00:00,0.04969425
2004-11-12 00:00:00+00:00,0.09245455
2004-11-15 00:00:00+00:00,0.004495335
2004-11-16 00:00:00+00:00,-0.009494348
2004-11-17 00:00:00+00:00,0.005766806
2004-11-18 00:00:00+00:00,-0.002744846
2004-11-19 00:00:00+00:00,-0.01779296
2004-11-22 00:00:00+00:00,0.0162609
2004-11-23 00:00:00+00:00,0.002809388
2004-11-24 00:00:00+00:00,0.001297031
2004-11-26 00:00:00+00:00,-0.003423957
2004-11-29 00:00:00+00:00,-0.00485788
2004-11-30 00:00:00+00:00,-0.01778299
2004-12-01 00:00:00+00:00,0.022423
2004-12-02 00:00:00+00:00,-0.01180844
2004-12-03 00:00:00+00:00,0.006821141
2004-12-06 00:00:00+00:00,0.002332023
2004-12-07 00:00:00+00:00,-0.01340966
2004-12-08 00:00:00+00:00,0.0045774
2004-12-09 00:00:00+00:00,-0.01213993
2004-12-10 00:00:00+00:00,-0.009294526
2004-12-13 00:00:00+00:00,-0.004429717
2004-12-14 00:00:00+00:00,0.01617327
2004-12-15 00:00:00+00:00,0.004892663
2004-12-16 00:00:00+00:00,-0.00547319
2004-12-17 00:00:00+00:00,-0.00497977
2004-12-20 00:00:00+00:00,0.002587788
2004-12-21 00:00:00+00:00,0.00265767
2004-12-22 00:00:00+00:00,0.007306352
2004-12-23 00:00:00+00:00,0.006321697
2004-12-27 00:00:00+00:00,-0.001918629
2004-12-28 00:00:00+00:00,0.006171723
2004-12-29 00:00:00+00:00,0.007680549
2004-12-30 00:00:00+00:00,-0.003322401
2004-12-31 00:00:00+00:00,0.005729876
2005-01-03 00:00:00+00:00,-0.01539776
2005-01-04 00:00:00+00:00,-0.0306855
2005-01-05 00:00:00+00:00,-0.00944282
2005-01-06 00:00:00+00:00,0.003171377
2005-01-07 00:00:00+00:00,0.006098871
2005-01-10 00:00:00+00:00,0.009990426
2005-01-11 00:00:00+00:00,-0.06073214
2005-01-12 00:00:00+00:00,0.005937218
2005-01-13 00:00:00+00:00,-0.01142009
2005-01-14 00:00:00+00:00,0.01261537
2005-01-18 00:00:00+00:00,0.006429868
2005-01-19 00:00:00+00:00,-0.008216918
2005-01-20 00:00:00+00:00,0.00297026
2005-01-21 00:00:00+00:00,-0.009030033
2005-01-24 00:00:00+00:00,-0.0100086
2005-01-25 00:00:00+00:00,0.01293325
2005-01-26 00:00:00+00:00,0.008951057
2005-01-27 00:00:00+00:00,0.002704408
2005-01-28 00:00:00+00:00,0.003731793
2005-01-31 00:00:00+00:00,0.01130829
2005-02-01 00:00:00+00:00,0.01049018
2005-02-02 00:00:00+00:00,0.005623846
2005-02-03 00:00:00+00:00,-0.007929626
2005-02-04 00:00:00+00:00,0.01567498
2005-02-07 00:00:00+00:00,-0.002951976
2005-02-08 00:00:00+00:00,0.007676601
2005-02-09 00:00:00+00:00,-0.006621262
2005-02-10 00:00:00+00:00,0.008333845
2005-02-11 00:00:00+00:00,0.0139147
2005-02-14 00:00:00+00:00,0.002204004
2005-02-15 00:00:00+00:00,0.01410378
2005-02-16 00:00:00+00:00,0.0003136922
2005-02-17 00:00:00+00:00,-0.01495523
2005-02-18 00:00:00+00:00,-0.002280105
2005-02-22 00:00:00+00:00,-0.005999239
2005-02-23 00:00:00+00:00,-0.005368432
2005-02-24 00:00:00+00:00,0.02301351
2005-02-25 00:00:00+00:00,0.002771072
2005-02-28 00:00:00+00:00,-0.004125356
2005-03-01 00:00:00+00:00,0.006879287
2005-03-02 00:00:00+00:00,-0.009470034
2005-03-03 00:00:00+00:00,-0.003865639
2005-03-04 00:00:00+00:00,0.01544963
2005-03-07 00:00:00+00:00,-0.005407987
2005-03-08 00:00:00+00:00,0.01068448
2005-03-09 00:00:00+00:00,-0.005233182
2005-03-10 00:00:00+00:00,-0.002753394
2005-03-11 00:00:00+00:00,-0.01181012
2005-03-14 00:00:00+00:00,0.003696054
2005-03-15 00:00:00+00:00,-0.01198245
2005-03-16 00:00:00+00:00,-0.00905812
2005-03-17 00:00:00+00:00,-0.007455711
2005-03-18 00:00:00+00:00,0.0001412739
2005-03-21 00:00:00+00:00,-0.005998613
2005-03-22 00:00:00+00:00,-0.006298894
2005-03-23 00:00:00+00:00,0.008941228
2005-03-24 00:00:00+00:00,0.004710172
2005-03-28 00:00:00+00:00,-0.004771828
2005-03-29 00:00:00+00:00,-0.001362342
2005-03-30 00:00:00+00:00,0.01995176
2005-03-31 00:00:00+00:00,-0.007334143
2005-04-01 00:00:00+00:00,-0.009964172
2005-04-04 00:00:00+00:00,0.01337123
2005-04-05 00:00:00+00:00,0.01019137
2005-04-06 00:00:00+00:00,-0.01198253
2005-04-07 00:00:00+00:00,0.009048541
2005-04-08 00:00:00+00:00,-0.004210973
2005-04-11 00:00:00+00:00,-0.005849974
2005-04-12 00:00:00+00:00,-0.0003695165
2005-04-13 00:00:00+00:00,-0.01652687
2005-04-14 00:00:00+00:00,-0.01973231
2005-04-15 00:00:00+00:00,-0.01823902
2005-04-18 00:00:00+00:00,-0.01594918
2005-04-19 00:00:00+00:00,0.01072225
2005-04-20 00:00:00+00:00,0.001045615
2005-04-21 00:00:00+00:00,0.02582509
2005-04-22 00:00:00+00:00,-0.01224314
2005-04-25 00:00:00+00:00,0.01133464
2005-04-26 00:00:00+00:00,-0.01513198
2005-04-27 00:00:00+00:00,-0.006826682
2005-04-28 00:00:00+00:00,-0.01333147
2005-04-29 00:00:00+00:00,0.00574802
2005-05-02 00:00:00+00:00,0.006371255
2005-05-03 00:00:00+00:00,0.01027719
2005-05-04 00:00:00+00:00,0.02052813
2005-05-05 00:00:00+00:00,0.001591298
2005-05-06 00:00:00+00:00,-0.005675917
2005-05-09 00:00:00+00:00,0.007550643
2005-05-10 00:00:00+00:00,-0.009209149
2005-05-11 00:00:00+00:00,0.004013939
2005-05-12 00:00:00+00:00,-0.006140156
2005-05-13 00:00:00+00:00,-0.005618505
2005-05-16 00:00:00+00:00,0.01506027
2005-05-17 00:00:00+00:00,0.008616597
2005-05-18 00:00:00+00:00,0.01640042
2005-05-19 00:00:00+00:00,0.004693954
2005-05-20 00:00:00+00:00,-0.0008301877
2005-05-23 00:00:00+00:00,-0.002736571
2005-05-24 00:00:00+00:00,0.006150626
2005-05-25 00:00:00+00:00,0.002299071
2005-05-26 00:00:00+00:00,0.003425443
2005-05-27 00:00:00+00:00,-0.003644726
2005-05-31 00:00:00+00:00,-0.004844678
2005-06-01 00:00:00+00:00,0.01087243
2005-06-02 00:00:00+00:00,0.004041732
2005-06-03 00:00:00+00:00,-0.01256176
2005-06-06 00:00:00+00:00,0.006775577
2005-06-07 00:00:00+00:00,-0.001329601
2005-06-08 00:00:00+00:00,-0.001806453
2005-06-09 00:00:00+00:00,0.0008974876
2005-06-10 00:00:00+00:00,-0.007340907
2005-06-13 00:00:00+00:00,0.003553856
2005-06-14 00:00:00+00:00,0.005466895
2005-06-15 00:00:00+00:00,-0.0005973323
2005-06-16 00:00:00+00:00,0.005357026
2005-06-17 00:00:00+00:00,0.001029964
2005-06-20 00:00:00+00:00,-0.001417912
2005-06-21 00:00:00+00:00,0.003458787
2005-06-22 00:00:00+00:00,0.001507344
2005-06-23 00:00:00+00:00,-0.01948105
2005-06-24 00:00:00+00:00,-0.01076777
2005-06-27 00:00:00+00:00,-0.007499102
2005-06-28 00:00:00+00:00,0.01805839
2005-06-29 00:00:00+00:00,0.001099936
2005-06-30 00:00:00+00:00,-0.01733514
2005-07-01 00:00:00+00:00,0.004834934
2005-07-05 00:00:00+00:00,0.0150815
2005-07-06 00:00:00+00:00,-0.003299352
2005-07-07 00:00:00+00:00,0.01746912
2005-07-08 00:00:00+00:00,0.00873276
2005-07-11 00:00:00+00:00,0.007353994
2005-07-12 00:00:00+00:00,0.0007024974
2005-07-13 00:00:00+00:00,0.004747854
2005-07-14 00:00:00+00:00,0.005580168
2005-07-15 00:00:00+00:00,0.003611832
2005-07-18 00:00:00+00:00,-0.004745115
2005-07-19 00:00:00+00:00,0.002234331
2005-07-20 00:00:00+00:00,0.003634575
2005-07-21 00:00:00+00:00,-0.003784683
2005-07-22 00:00:00+00:00,0.008742826
2005-07-25 00:00:00+00:00,-0.006450779
2005-07-26 00:00:00+00:00,-0.004095203
2005-07-27 00:00:00+00:00,0.007075599
2005-07-28 00:00:00+00:00,0.01116013
2005-07-29 00:00:00+00:00,-0.0100691
2005-08-01 00:00:00+00:00,0.002839375
2005-08-02 00:00:00+00:00,0.0004030883
2005-08-03 00:00:00+00:00,-0.01004903
2005-08-04 00:00:00+00:00,-0.01269358
2005-08-05 00:00:00+00:00,-0.00605607
2005-08-08 00:00:00+00:00,0.00140413
2005-08-09 00:00:00+00:00,0.001017357
2005-08-10 00:00:00+00:00,-0.003356612
2005-08-11 00:00:00+00:00,0.0002352371
2005-08-12 00:00:00+00:00,-0.03471697
2005-08-15 00:00:00+00:00,0.0006809044
2005-08-16 00:00:00+00:00,-0.005489481
2005-08-17 00:00:00+00:00,0.006156763
2005-08-18 00:00:00+00:00,-0.002182406
2005-08-19 00:00:00+00:00,-0.005032671
2005-08-22 00:00:00+00:00,-0.003006527
2005-08-23 00:00:00+00:00,-0.01323234
2005-08-24 00:00:00+00:00,-0.006662638
2005-08-25 00:00:00+00:00,0.001200223
2005-08-26 00:00:00+00:00,-0.005130381
2005-08-29 00:00:00+00:00,0.001175044
2005-08-30 00:00:00+00:00,-0.002306737
2005-08-31 00:00:00+00:00,0.006699757
2005-09-01 00:00:00+00:00,-0.01328869
2005-09-02 00:00:00+00:00,0.004911725
2005-09-06 00:00:00+00:00,0.01804861
2005-09-07 00:00:00+00:00,0.01585253
2005-09-08 00:00:00+00:00,-0.01111314
2005-09-09 00:00:00+00:00,-0.001011652
2005-09-12 00:00:00+00:00,0.008860016
2005-09-13 00:00:00+00:00,-0.003886978
2005-09-14 00:00:00+00:00,-0.008683322
2005-09-15 00:00:00+00:00,-0.002067886
2005-09-16 00:00:00+00:00,-0.0006555124
2005-09-19 00:00:00+00:00,-0.01370304
2005-09-20 00:00:00+00:00,-0.01554467
2005-09-21 00:00:00+00:00,-0.006923854
2005-09-22 00:00:00+00:00,0.02003543
2005-09-23 00:00:00+00:00,-0.005029346
2005-09-26 00:00:00+00:00,-0.0004894546
2005-09-27 00:00:00+00:00,0.0008957787
2005-09-28 00:00:00+00:00,-0.004445267
2005-09-29 00:00:00+00:00,0.01389087
2005-09-30 00:00:00+00:00,0.0028092
2005-10-03 00:00:00+00:00,-0.002863684
2005-10-04 00:00:00+00:00,-0.01095208
2005-10-05 00:00:00+00:00,-0.01417061
2005-10-06 00:00:00+00:00,0.002778213
2005-10-07 00:00:00+00:00,0.007687724
2005-10-10 00:00:00+00:00,0.002588392
2005-10-11 00:00:00+00:00,-0.009120761
2005-10-12 00:00:00+00:00,-0.004639678
2005-10-13 00:00:00+00:00,0.004223822
2005-10-14 00:00:00+00:00,0.003784669
2005-10-17 00:00:00+00:00,0.009423167
2005-10-18 00:00:00+00:00,0.001752329
2005-10-19 00:00:00+00:00,0.003609626
2005-10-20 00:00:00+00:00,-0.009320373
2005-10-21 00:00:00+00:00,0.01228981
2005-10-24 00:00:00+00:00,0.01051735
2005-10-25 00:00:00+00:00,0.001649771
2005-10-26 00:00:00+00:00,-0.001639182
2005-10-27 00:00:00+00:00,-0.02109067
2005-10-28 00:00:00+00:00,0.01036571
2005-10-31 00:00:00+00:00,0.02057487
2005-11-01 00:00:00+00:00,-0.04574876
2005-11-02 00:00:00+00:00,0.01192964
2005-11-03 00:00:00+00:00,0.01447221
2005-11-04 00:00:00+00:00,-0.0003680773
2005-11-07 00:00:00+00:00,0.0008496163
2005-11-08 00:00:00+00:00,-0.007624291
2005-11-09 00:00:00+00:00,0.001108695
2005-11-10 00:00:00+00:00,0.006267306
2005-11-11 00:00:00+00:00,0.003835646
2005-11-14 00:00:00+00:00,0.001173868
2005-11-15 00:00:00+00:00,0.02457216
2005-11-16 00:00:00+00:00,-0.01129637
2005-11-17 00:00:00+00:00,0.0006902039
2005-11-18 00:00:00+00:00,-0.02955289
2005-11-21 00:00:00+00:00,0.003702024
2005-11-22 00:00:00+00:00,0.01409264
2005-11-23 00:00:00+00:00,0.006106513
2005-11-25 00:00:00+00:00,0.001754653
2005-11-28 00:00:00+00:00,-0.009300956
2005-11-29 00:00:00+00:00,-0.0002226076
2005-11-30 00:00:00+00:00,-0.004024766
2005-12-01 00:00:00+00:00,0.01615114
2005-12-02 00:00:00+00:00,0.01008378
2005-12-05 00:00:00+00:00,-0.001995604
2005-12-06 00:00:00+00:00,0.001932469
2005-12-07 00:00:00+00:00,0.001180287
2005-12-08 00:00:00+00:00,-0.009397143
2005-12-09 00:00:00+00:00,0.009218531
2005-12-12 00:00:00+00:00,0.0005920994
2005-12-13 00:00:00+00:00,0.002013463
2005-12-14 00:00:00+00:00,0.01270446
2005-12-15 00:00:00+00:00,-0.001724058
2005-12-16 00:00:00+00:00,0.002805301
2005-12-19 00:00:00+00:00,6.941241e-05
2005-12-20 00:00:00+00:00,0.007399354
2005-12-21 00:00:00+00:00,0.01092174
2005-12-22 00:00:00+00:00,0.004753744
2005-12-23 00:00:00+00:00,0.001365864
2005-12-27 00:00:00+00:00,-0.006416406
2005-12-28 00:00:00+00:00,0.001780031
2005-12-29 00:00:00+00:00,0.001575727
2005-12-30 00:00:00+00:00,-0.01210734
2006-01-03 00:00:00+00:00,0.01428634
2006-01-04 00:00:00+00:00,-0.0004106591
2006-01-05 00:00:00+00:00,-0.00495209
2006-01-06 00:00:00+00:00,0.003820432
2006-01-09 00:00:00+00:00,0.007138113
2006-01-10 00:00:00+00:00,-0.003433554
2006-01-11 00:00:00+00:00,0.01586158
2006-01-12 00:00:00+00:00,-0.008337187
2006-01-13 00:00:00+00:00,-0.006412683
2006-01-17 00:00:00+00:00,-0.008331404
2006-01-18 00:00:00+00:00,-0.006888511
2006-01-19 00:00:00+00:00,0.001560643
2006-01-20 00:00:00+00:00,-0.01726091
2006-01-23 00:00:00+00:00,-0.003922863
2006-01-24 00:00:00+00:00,-2.477896e-05
2006-01-25 00:00:00+00:00,-0.003209129
2006-01-26 00:00:00+00:00,-0.001642056
2006-01-27 00:00:00+00:00,0.004526158
2006-01-30 00:00:00+00:00,0.005735191
2006-01-31 00:00:00+00:00,0.001707734
2006-02-01 00:00:00+00:00,0.006049372
2006-02-02 00:00:00+00:00,0.001575354
2006-02-03 00:00:00+00:00,-0.01466492
2006-02-06 00:00:00+00:00,-0.001682438
2006-02-07 00:00:00+00:00,-0.004626269
2006-02-08 00:00:00+00:00,0.01352999
2006-02-09 00:00:00+00:00,0.003545895
2006-02-10 00:00:00+00:00,0.0103387
2006-02-13 00:00:00+00:00,0.001024846
2006-02-14 00:00:00+00:00,0.01230561
2006-02-15 00:00:00+00:00,0.000875657
2006-02-16 00:00:00+00:00,0.01693228
2006-02-17 00:00:00+00:00,0.0004575827
2006-02-21 00:00:00+00:00,-0.005914082
2006-02-22 00:00:00+00:00,-0.005777459
2006-02-23 00:00:00+00:00,-0.008139144
2006-02-24 00:00:00+00:00,-0.0005565296
2006-02-27 00:00:00+00:00,0.01544868
2006-02-28 00:00:00+00:00,-0.01557376
2006-03-01 00:00:00+00:00,0.01740833
2006-03-02 00:00:00+00:00,-0.01269684
2006-03-03 00:00:00+00:00,-0.01511594
2006-03-06 00:00:00+00:00,-0.009810415
2006-03-07 00:00:00+00:00,-0.01239587
2006-03-08 00:00:00+00:00,-0.001014752
2006-03-09 00:00:00+00:00,-0.004593022
2006-03-10 00:00:00+00:00,0.01090644
2006-03-13 00:00:00+00:00,-0.007475515
2006-03-14 00:00:00+00:00,0.01805692
2006-03-15 00:00:00+00:00,0.001861325
2006-03-16 00:00:00+00:00,-0.01102011
2006-03-17 00:00:00+00:00,-0.003538105
2006-03-20 00:00:00+00:00,0.006507614
2006-03-21 00:00:00+00:00,0.002507419
2006-03-22 00:00:00+00:00,0.006294358
2006-03-23 00:00:00+00:00,0.005051862
2006-03-24 00:00:00+00:00,0.01410708
2006-03-27 00:00:00+00:00,-0.004787524
2006-03-28 00:00:00+00:00,-0.007840275
2006-03-29 00:00:00+00:00,0.006015476
2006-03-30 00:00:00+00:00,-0.001342728
2006-03-31 00:00:00+00:00,0.003466071
2006-04-03 00:00:00+00:00,-0.001193214
2006-04-04 00:00:00+00:00,0.003273252
2006-04-05 00:00:00+00:00,0.006715074
2006-04-06 00:00:00+00:00,0.00622908
2006-04-07 00:00:00+00:00,-0.01342787
2006-04-10 00:00:00+00:00,-0.00823775
2006-04-11 00:00:00+00:00,-0.009288235
2006-04-12 00:00:00+00:00,-0.004305793
2006-04-13 00:00:00+00:00,0.007129248
2006-04-17 00:00:00+00:00,-0.003022388
2006-04-18 00:00:00+00:00,0.01507393
2006-04-19 00:00:00+00:00,-0.00333855
2006-04-20 00:00:00+00:00,-0.001963124
2006-04-21 00:00:00+00:00,-0.02953547
2006-04-24 00:00:00+00:00,0.001212361
2006-04-25 00:00:00+00:00,0.0003347934
2006-04-26 00:00:00+00:00,-0.003676007
2006-04-27 00:00:00+00:00,-0.005839681
2006-04-28 00:00:00+00:00,0.002114319
2006-05-01 00:00:00+00:00,-0.007570787
2006-05-02 00:00:00+00:00,-0.001249642
2006-05-03 00:00:00+00:00,0.001634579
2006-05-04 00:00:00+00:00,0.01268705
2006-05-05 00:00:00+00:00,0.01368789
2006-05-08 00:00:00+00:00,0.01921967
2006-05-09 00:00:00+00:00,-0.0253235
2006-05-10 00:00:00+00:00,-0.01270422
2006-05-11 00:00:00+00:00,-0.04128773
2006-05-12 00:00:00+00:00,-0.002299308
2006-05-15 00:00:00+00:00,-0.007159341
2006-05-16 00:00:00+00:00,-0.001994472
2006-05-17 00:00:00+00:00,-0.005948764
2006-05-18 00:00:00+00:00,0.01223606
2006-05-19 00:00:00+00:00,0.06429836
2006-05-22 00:00:00+00:00,-0.02038351
2006-05-23 00:00:00+00:00,0.003237701
2006-05-24 00:00:00+00:00,-0.02012912
2006-05-25 00:00:00+00:00,0.007216171
2006-05-26 00:00:00+00:00,0.01175873
2006-05-30 00:00:00+00:00,-0.006250378
2006-05-31 00:00:00+00:00,0.006031735
2006-06-01 00:00:00+00:00,0.01126009
2006-06-02 00:00:00+00:00,-0.00893074
2006-06-05 00:00:00+00:00,-0.02237102
2006-06-06 00:00:00+00:00,-0.003008272
2006-06-07 00:00:00+00:00,-0.01158064
2006-06-08 00:00:00+00:00,-0.002696498
2006-06-09 00:00:00+00:00,0.002419032
2006-06-12 00:00:00+00:00,-0.01951419
2006-06-13 00:00:00+00:00,-0.004528016
2006-06-14 00:00:00+00:00,0.01014
2006-06-15 00:00:00+00:00,0.02053937
2006-06-16 00:00:00+00:00,-0.001503244
2006-06-19 00:00:00+00:00,-0.0107891
2006-06-20 00:00:00+00:00,0.005749373
2006-06-21 00:00:00+00:00,0.004860916
2006-06-22 00:00:00+00:00,-0.007496402
2006-06-23 00:00:00+00:00,0.002581017
2006-06-26 00:00:00+00:00,-0.003267939
2006-06-27 00:00:00+00:00,-0.01612652
2006-06-28 00:00:00+00:00,0.002842911
2006-06-29 00:00:00+00:00,0.02994004
2006-06-30 00:00:00+00:00,-0.00249958
2006-07-03 00:00:00+00:00,-0.002515132
2006-07-05 00:00:00+00:00,-0.01398255
2006-07-06 00:00:00+00:00,0.03503727
2006-07-07 00:00:00+00:00,-0.04285468
2006-07-10 00:00:00+00:00,0.0004239592
2006-07-11 00:00:00+00:00,0.0006618461
2006-07-12 00:00:00+00:00,-0.0209709
2006-07-13 00:00:00+00:00,-0.02707759
2006-07-14 00:00:00+00:00,-0.01317894
2006-07-17 00:00:00+00:00,-0.004260858
2006-07-18 00:00:00+00:00,0.001385062
2006-07-19 00:00:00+00:00,0.0237785
2006-07-20 00:00:00+00:00,-0.01570146
2006-07-21 00:00:00+00:00,-0.05609694
2006-07-24 00:00:00+00:00,-0.003030561
2006-07-25 00:00:00+00:00,-0.0004786268
2006-07-26 00:00:00+00:00,0.007176821
2006-07-27 00:00:00+00:00,-0.01129114
2006-07-28 00:00:00+00:00,0.03070718
2006-07-31 00:00:00+00:00,0.01101652
2006-08-01 00:00:00+00:00,-0.009915558
2006-08-02 00:00:00+00:00,0.002562422
2006-08-03 00:00:00+00:00,-0.02089467
2006-08-04 00:00:00+00:00,0.01075342
2006-08-07 00:00:00+00:00,-0.00477105
2006-08-08 00:00:00+00:00,-0.0003745641
2006-08-09 00:00:00+00:00,-0.01828285
2006-08-10 00:00:00+00:00,0.01431164
2006-08-11 00:00:00+00:00,-0.005064487
2006-08-14 00:00:00+00:00,0.01176446
2006-08-15 00:00:00+00:00,0.008905606
2006-08-16 00:00:00+00:00,0.0173621
2006-08-17 00:00:00+00:00,-0.002793698
2006-08-18 00:00:00+00:00,0.01019282
2006-08-21 00:00:00+00:00,-0.01345281
2006-08-22 00:00:00+00:00,0.001949468
2006-08-23 00:00:00+00:00,-0.01632388
2006-08-24 00:00:00+00:00,-0.01200865
2006-08-25 00:00:00+00:00,-0.01355789
2006-08-28 00:00:00+00:00,0.01282416
2006-08-29 00:00:00+00:00,0.004399089
2006-08-30 00:00:00+00:00,-0.02623018
2006-08-31 00:00:00+00:00,-0.005775194
2006-09-01 00:00:00+00:00,0.007871663
2006-09-05 00:00:00+00:00,0.01171232
2006-09-06 00:00:00+00:00,-0.008136751
2006-09-07 00:00:00+00:00,-0.01193037
2006-09-08 00:00:00+00:00,0.0193976
2006-09-11 00:00:00+00:00,0.004590594
2006-09-12 00:00:00+00:00,0.02324165
2006-09-13 00:00:00+00:00,0.003928429
2006-09-14 00:00:00+00:00,0.006404588
2006-09-15 00:00:00+00:00,-0.01244098
2006-09-18 00:00:00+00:00,0.003620465
2006-09-19 00:00:00+00:00,0.0002077921
2006-09-20 00:00:00+00:00,-0.001579241
2006-09-21 00:00:00+00:00,-0.01438275
2006-09-22 00:00:00+00:00,0.004956006
2006-09-25 00:00:00+00:00,0.0260802
2006-09-26 00:00:00+00:00,0.02581338
2006-09-27 00:00:00+00:00,0.005328524
2006-09-28 00:00:00+00:00,0.001007965
2006-09-29 00:00:00+00:00,-0.01140914
2006-10-02 00:00:00+00:00,-0.00650517
2006-10-03 00:00:00+00:00,-0.007760369
2006-10-04 00:00:00+00:00,0.02048484
2006-10-05 00:00:00+00:00,0.00532483
2006-10-06 00:00:00+00:00,-0.002209106
2006-10-09 00:00:00+00:00,0.001275536
2006-10-10 00:00:00+00:00,0.01119911
2006-10-11 00:00:00+00:00,-0.0001303354
2006-10-12 00:00:00+00:00,0.01953804
2006-10-13 00:00:00+00:00,0.007533117
2006-10-16 00:00:00+00:00,0.003589797
2006-10-17 00:00:00+00:00,-0.01653256
2006-10-18 00:00:00+00:00,0.0004247001
2006-10-19 00:00:00+00:00,-0.0005615755
2006-10-20 00:00:00+00:00,0.02149394
2006-10-23 00:00:00+00:00,0.006521496
2006-10-24 00:00:00+00:00,0.003374882
2006-10-25 00:00:00+00:00,0.004808949
2006-10-26 00:00:00+00:00,0.01109796
2006-10-27 00:00:00+00:00,-0.01240919
2006-10-30 00:00:00+00:00,0.009428313
2006-10-31 00:00:00+00:00,0.02252123
2006-11-01 00:00:00+00:00,-0.01235407
2006-11-02 00:00:00+00:00,0.004582351
2006-11-03 00:00:00+00:00,0.001131951
2006-11-06 00:00:00+00:00,0.01172313
2006-11-07 00:00:00+00:00,0.003854898
2006-11-08 00:00:00+00:00,-0.003683233
2006-11-09 00:00:00+00:00,-0.003341083
2006-11-10 00:00:00+00:00,0.007319332
2006-11-13 00:00:00+00:00,0.005283502
2006-11-14 00:00:00+00:00,0.01973397
2006-11-15 00:00:00+00:00,0.01194537
2006-11-16 00:00:00+00:00,-0.003769641
2006-11-17 00:00:00+00:00,0.003128109
2006-11-20 00:00:00+00:00,-0.004941584
2006-11-21 00:00:00+00:00,-0.001445786
2006-11-22 00:00:00+00:00,0.01216072
2006-11-24 00:00:00+00:00,-0.004490336
2006-11-27 00:00:00+00:00,-0.01074459
2006-11-28 00:00:00+00:00,-0.002578782
2006-11-29 00:00:00+00:00,0.005732537
2006-11-30 00:00:00+00:00,-0.004879945
2006-12-01 00:00:00+00:00,-0.009327045
2006-12-04 00:00:00+00:00,0.01588798
2006-12-05 00:00:00+00:00,-0.0003926047
2006-12-06 00:00:00+00:00,-0.003367689
2006-12-07 00:00:00+00:00,0.001698967
2006-12-08 00:00:00+00:00,-0.002858027
2006-12-11 00:00:00+00:00,0.002176693
2006-12-12 00:00:00+00:00,-0.005944544
2006-12-13 00:00:00+00:00,-0.00144507
2006-12-14 00:00:00+00:00,0.030952
2006-12-15 00:00:00+00:00,-0.005365999
2006-12-18 00:00:00+00:00,-0.004468368
2006-12-19 00:00:00+00:00,-0.004830138
2006-12-20 00:00:00+00:00,-0.003109853
2006-12-21 00:00:00+00:00,-0.007186165
2006-12-22 00:00:00+00:00,-0.006008026
2006-12-26 00:00:00+00:00,-6.418882e-05
2006-12-27 00:00:00+00:00,0.003919662
2006-12-28 00:00:00+00:00,-0.001755004
2006-12-29 00:00:00+00:00,-0.009796544
2007-01-03 00:00:00+00:00,0.002702799
2007-01-04 00:00:00+00:00,0.01533147
2007-01-05 00:00:00+00:00,-0.01157339
2007-01-08 00:00:00+00:00,0.0099479
2007-01-09 00:00:00+00:00,0.004730913
2007-01-10 00:00:00+00:00,0.002395627
2007-01-11 00:00:00+00:00,0.007281946
2007-01-12 00:00:00+00:00,0.002298648
2007-01-16 00:00:00+00:00,-0.007029939
2007-01-17 00:00:00+00:00,-0.006454548
2007-01-18 00:00:00+00:00,0.00157818
2007-01-19 00:00:00+00:00,-0.001945442
2007-01-22 00:00:00+00:00,-0.01219989
2007-01-23 00:00:00+00:00,0.004043337
2007-01-24 00:00:00+00:00,-0.01105518
2007-01-25 00:00:00+00:00,-0.001806115
2007-01-26 00:00:00+00:00,0.003640904
2007-01-29 00:00:00+00:00,-0.01308406
2007-01-30 00:00:00+00:00,-0.02170005
2007-01-31 00:00:00+00:00,-0.011005
2007-02-01 00:00:00+00:00,0.00814334
2007-02-02 00:00:00+00:00,0.03592065
2007-02-05 00:00:00+00:00,-0.004799217
2007-02-06 00:00:00+00:00,-0.002742289
2007-02-07 00:00:00+00:00,0.006968124
2007-02-08 00:00:00+00:00,-0.006425879
2007-02-09 00:00:00+00:00,-0.00636183
2007-02-12 00:00:00+00:00,-0.004624792
2007-02-13 00:00:00+00:00,0.01199887
2007-02-14 00:00:00+00:00,0.01165013
2007-02-15 00:00:00+00:00,-0.001656415
2007-02-16 00:00:00+00:00,0.004149262
2007-02-20 00:00:00+00:00,-0.001850723
2007-02-21 00:00:00+00:00,-0.01665913
2007-02-22 00:00:00+00:00,0.0001985994
2007-02-23 00:00:00+00:00,0.002168813
2007-02-26 00:00:00+00:00,0.03727877
2007-02-27 00:00:00+00:00,-0.03708829
2007-02-28 00:00:00+00:00,-0.0005045441
2007-03-01 00:00:00+00:00,-0.006557339
2007-03-02 00:00:00+00:00,-0.02177802
2007-03-05 00:00:00+00:00,-0.01585287
2007-03-06 00:00:00+00:00,0.009402036
2007-03-07 00:00:00+00:00,-0.005893795
2007-03-08 00:00:00+00:00,0.0001503995
2007-03-09 00:00:00+00:00,-0.001861432
2007-03-12 00:00:00+00:00,0.007831577
2007-03-13 00:00:00+00:00,-0.02027696
2007-03-14 00:00:00+00:00,0.005984547
2007-03-15 00:00:00+00:00,0.0004470165
2007-03-16 00:00:00+00:00,-0.0002367014
2007-03-19 00:00:00+00:00,-0.00310158
2007-03-20 00:00:00+00:00,-0.00211326
2007-03-21 00:00:00+00:00,0.01498741
2007-03-22 00:00:00+00:00,-0.003384702
2007-03-23 00:00:00+00:00,0.004035445
2007-03-26 00:00:00+00:00,0.004987763
2007-03-27 00:00:00+00:00,-0.004386067
2007-03-28 00:00:00+00:00,-0.01186599
2007-03-29 00:00:00+00:00,-0.0121465
2007-03-30 00:00:00+00:00,-0.0004720376
2007-04-02 00:00:00+00:00,-0.0104631
2007-04-03 00:00:00+00:00,0.008618634
2007-04-04 00:00:00+00:00,-0.008208646
2007-04-05 00:00:00+00:00,0.008850757
2007-04-09 00:00:00+00:00,0.03309667
2007-04-10 00:00:00+00:00,-0.00182445
2007-04-11 00:00:00+00:00,-0.00462155
2007-04-12 00:00:00+00:00,0.009588863
2007-04-13 00:00:00+00:00,-0.003267176
2007-04-16 00:00:00+00:00,0.001731342
2007-04-17 00:00:00+00:00,0.001757119
2007-04-18 00:00:00+00:00,-0.002832788
2007-04-19 00:00:00+00:00,0.00943142
2007-04-20 00:00:00+00:00,0.003334562
2007-04-23 00:00:00+00:00,-0.007467226
2007-04-24 00:00:00+00:00,-0.002250563
2007-04-25 00:00:00+00:00,0.001609647
2007-04-26 00:00:00+00:00,0.01881768
2007-04-27 00:00:00+00:00,0.001101136
2007-04-30 00:00:00+00:00,-0.01507421
2007-05-01 00:00:00+00:00,-0.003575098
2007-05-02 00:00:00+00:00,0.01387837
2007-05-03 00:00:00+00:00,0.0002439867
2007-05-04 00:00:00+00:00,0.00389964
2007-05-07 00:00:00+00:00,-7.718894e-06
2007-05-08 00:00:00+00:00,-0.0004493415
2007-05-09 00:00:00+00:00,0.01513048
2007-05-10 00:00:00+00:00,0.00309664
2007-05-11 00:00:00+00:00,0.01813674
2007-05-14 00:00:00+00:00,0.005958222
2007-05-15 00:00:00+00:00,-0.009979563
2007-05-16 00:00:00+00:00,0.01346848
2007-05-17 00:00:00+00:00,0.001113964
2007-05-18 00:00:00+00:00,0.01329082
2007-05-21 00:00:00+00:00,0.007459629
2007-05-22 00:00:00+00:00,0.02480758
2007-05-23 00:00:00+00:00,-0.008379869
2007-05-24 00:00:00+00:00,-0.01121687
2007-05-25 00:00:00+00:00,-0.005840451
2007-05-29 00:00:00+00:00,-0.002353551
2007-05-30 00:00:00+00:00,-0.0056429
2007-05-31 00:00:00+00:00,-0.003024825
2007-06-01 00:00:00+00:00,0.001929578
2007-06-04 00:00:00+00:00,-0.004901156
2007-06-05 00:00:00+00:00,-0.01127994
2007-06-06 00:00:00+00:00,-0.01486991
2007-06-07 00:00:00+00:00,-0.004071577
2007-06-08 00:00:00+00:00,0.0233065
2007-06-11 00:00:00+00:00,-0.001730266
2007-06-12 00:00:00+00:00,-0.007326228
2007-06-13 00:00:00+00:00,0.01480849
2007-06-14 00:00:00+00:00,0.0003146321
2007-06-15 00:00:00+00:00,0.0008285552
2007-06-18 00:00:00+00:00,-7.276513e-05
2007-06-19 00:00:00+00:00,0.002684685
2007-06-20 00:00:00+00:00,-0.0006589467
2007-06-21 00:00:00+00:00,0.03327845
2007-06-22 00:00:00+00:00,-0.01088151
2007-06-25 00:00:00+00:00,0.005217042
2007-06-26 00:00:00+00:00,-0.001845226
2007-06-27 00:00:00+00:00,0.007736159
2007-06-28 00:00:00+00:00,0.00256295
2007-06-29 00:00:00+00:00,-0.00562892
2007-07-02 00:00:00+00:00,0.01531864
2007-07-03 00:00:00+00:00,0.005371649
2007-07-05 00:00:00+00:00,-0.002884897
2007-07-06 00:00:00+00:00,0.01337318
2007-07-09 00:00:00+00:00,0.001262569
2007-07-10 00:00:00+00:00,-0.01583048
2007-07-11 00:00:00+00:00,0.009504464
2007-07-12 00:00:00+00:00,0.01875744
2007-07-13 00:00:00+00:00,0.002828667
2007-07-16 00:00:00+00:00,0.01686372
2007-07-17 00:00:00+00:00,-0.002832325
2007-07-18 00:00:00+00:00,-0.009520502
2007-07-19 00:00:00+00:00,0.006840459
2007-07-20 00:00:00+00:00,-0.003731697
2007-07-23 00:00:00+00:00,-0.002719183
2007-07-24 00:00:00+00:00,-0.02199344
2007-07-25 00:00:00+00:00,-0.0172706
2007-07-26 00:00:00+00:00,-0.03165164
2007-07-27 00:00:00+00:00,0.02266842
2007-07-30 00:00:00+00:00,-0.002019624
2007-07-31 00:00:00+00:00,-0.01543398
2007-08-01 00:00:00+00:00,0.003950859
2007-08-02 00:00:00+00:00,0.007008713
2007-08-03 00:00:00+00:00,-0.02961555
2007-08-06 00:00:00+00:00,-0.0017942
2007-08-07 00:00:00+00:00,0.01305154
2007-08-08 00:00:00+00:00,0.009679281
2007-08-09 00:00:00+00:00,-0.01109719
2007-08-10 00:00:00+00:00,0.02679377
2007-08-13 00:00:00+00:00,0.01103149
2007-08-14 00:00:00+00:00,-0.01357058
2007-08-15 00:00:00+00:00,-0.01142786
2007-08-16 00:00:00+00:00,-0.003524245
2007-08-17 00:00:00+00:00,0.02867333
2007-08-20 00:00:00+00:00,0.005511296
2007-08-21 00:00:00+00:00,0.01306914
2007-08-22 00:00:00+00:00,0.005788095
2007-08-23 00:00:00+00:00,0.0005414275
2007-08-24 00:00:00+00:00,0.01124278
2007-08-27 00:00:00+00:00,-0.01242609
2007-08-28 00:00:00+00:00,-0.02400538
2007-08-29 00:00:00+00:00,0.02923882
2007-08-30 00:00:00+00:00,0.004314845
2007-08-31 00:00:00+00:00,0.0100319
2007-09-04 00:00:00+00:00,0.002500269
2007-09-05 00:00:00+00:00,-0.01219256
2007-09-06 00:00:00+00:00,0.01033125
2007-09-07 00:00:00+00:00,-0.03515103
2007-09-10 00:00:00+00:00,-0.002156026
2007-09-11 00:00:00+00:00,0.01963768
2007-09-12 00:00:00+00:00,0.01590863
2007-09-13 00:00:00+00:00,0.01152094
2007-09-14 00:00:00+00:00,-0.01171196
2007-09-17 00:00:00+00:00,0.000694138
2007-09-18 00:00:00+00:00,0.02417198
2007-09-19 00:00:00+00:00,0.01163737
2007-09-20 00:00:00+00:00,0.007287691
2007-09-21 00:00:00+00:00,0.008002593
2007-09-24 00:00:00+00:00,-0.0100953
2007-09-25 00:00:00+00:00,-0.01889577
2007-09-26 00:00:00+00:00,0.01542154
2007-09-27 00:00:00+00:00,0.003529468
2007-09-28 00:00:00+00:00,0.005402548
2007-10-01 00:00:00+00:00,0.005866327
2007-10-02 00:00:00+00:00,0.006177287
2007-10-03 00:00:00+00:00,-0.004045113
2007-10-04 00:00:00+00:00,0.00418784
2007-10-05 00:00:00+00:00,0.01879553
2007-10-08 00:00:00+00:00,0.0009562599
2007-10-09 00:00:00+00:00,0.007573433
2007-10-10 00:00:00+00:00,0.002461204
2007-10-11 00:00:00+00:00,-0.01432514
2007-10-12 00:00:00+00:00,0.008039787
2007-10-15 00:00:00+00:00,0.0004649244
2007-10-16 00:00:00+00:00,-0.01010009
2007-10-17 00:00:00+00:00,0.03505736
2007-10-18 00:00:00+00:00,0.01012695
2007-10-19 00:00:00+00:00,-0.02450487
2007-10-22 00:00:00+00:00,0.009755328
2007-10-23 00:00:00+00:00,-0.001507452
2007-10-24 00:00:00+00:00,-0.006373369
2007-10-25 00:00:00+00:00,0.0005622508
2007-10-26 00:00:00+00:00,0.01310683
2007-10-29 00:00:00+00:00,0.009642453
2007-10-30 00:00:00+00:00,0.004831363
2007-10-31 00:00:00+00:00,0.01076831
2007-11-01 00:00:00+00:00,-0.02316162
2007-11-02 00:00:00+00:00,0.01497783
2007-11-05 00:00:00+00:00,0.006947317
2007-11-06 00:00:00+00:00,0.009682247
2007-11-07 00:00:00+00:00,-0.02753665
2007-11-08 00:00:00+00:00,-0.01756737
2007-11-09 00:00:00+00:00,-0.02892771
2007-11-12 00:00:00+00:00,-0.003846111
2007-11-13 00:00:00+00:00,0.02479869
2007-11-14 00:00:00+00:00,-0.01124945
2007-11-15 00:00:00+00:00,-0.002211671
2007-11-16 00:00:00+00:00,0.01249618
2007-11-19 00:00:00+00:00,-0.004601674
2007-11-20 00:00:00+00:00,0.01338736
2007-11-21 00:00:00+00:00,-0.006785205
2007-11-23 00:00:00+00:00,0.01242577
2007-11-26 00:00:00+00:00,-0.0163116
2007-11-27 00:00:00+00:00,0.01647344
2007-11-28 00:00:00+00:00,0.02331028
2007-11-29 00:00:00+00:00,0.004594224
2007-11-30 00:00:00+00:00,-0.02669586
2007-12-03 00:00:00+00:00,-0.01083499
2007-12-04 00:00:00+00:00,-0.01923647
2007-12-05 00:00:00+00:00,-0.00649673
2007-12-06 00:00:00+00:00,0.01387995
2007-12-07 00:00:00+00:00,0.006474465
2007-12-10 00:00:00+00:00,0.008310562
2007-12-11 00:00:00+00:00,-0.01815496
2007-12-12 00:00:00+00:00,-0.007494908
2007-12-13 00:00:00+00:00,-0.006202126
2007-12-14 00:00:00+00:00,-0.03121843
2007-12-17 00:00:00+00:00,-0.04070272
2007-12-18 00:00:00+00:00,-0.008873891
2007-12-19 00:00:00+00:00,0.01976012
2007-12-20 00:00:00+00:00,0.001071891
2007-12-21 00:00:00+00:00,-0.01112993
2007-12-24 00:00:00+00:00,0.0007477195
2007-12-26 00:00:00+00:00,0.001511553
2007-12-27 00:00:00+00:00,-0.02496244
2007-12-28 00:00:00+00:00,-0.01105391
2007-12-31 00:00:00+00:00,0.006078928
2008-01-02 00:00:00+00:00,-0.02815143
2008-01-03 00:00:00+00:00,-0.03332205
2008-01-04 00:00:00+00:00,-0.04923568
2008-01-07 00:00:00+00:00,-0.005717339
2008-01-08 00:00:00+00:00,-0.006679746
2008-01-09 00:00:00+00:00,-0.0374532
2008-01-10 00:00:00+00:00,0.05432851
2008-01-11 00:00:00+00:00,0.01607243
2008-01-14 00:00:00+00:00,0.01504551
2008-01-15 00:00:00+00:00,-0.055135
2008-01-16 00:00:00+00:00,0.01878277
2008-01-17 00:00:00+00:00,-0.01703909
2008-01-18 00:00:00+00:00,0.04875015
2008-01-22 00:00:00+00:00,-0.009448944
2008-01-23 00:00:00+00:00,0.06445791
2008-01-24 00:00:00+00:00,0.0007955878
2008-01-25 00:00:00+00:00,-0.03626349
2008-01-28 00:00:00+00:00,0.01577583
2008-01-29 00:00:00+00:00,0.0057134
2008-01-30 00:00:00+00:00,-0.003399148
2008-01-31 00:00:00+00:00,-0.001007492
2008-02-01 00:00:00+00:00,-0.02911701
2008-02-04 00:00:00+00:00,0.003392647
2008-02-05 00:00:00+00:00,-0.0295857
2008-02-06 00:00:00+00:00,-0.01075099
2008-02-07 00:00:00+00:00,0.01535411
2008-02-08 00:00:00+00:00,-0.002581943
2008-02-11 00:00:00+00:00,0.009709853
2008-02-12 00:00:00+00:00,0.002621861
2008-02-13 00:00:00+00:00,0.01141608
2008-02-14 00:00:00+00:00,-0.02326328
2008-02-15 00:00:00+00:00,-0.001386756
2008-02-19 00:00:00+00:00,-0.01912537
2008-02-20 00:00:00+00:00,0.01186451
2008-02-21 00:00:00+00:00,-0.002381818
2008-02-22 00:00:00+00:00,-0.006153494
2008-02-25 00:00:00+00:00,0.01601477
2008-02-26 00:00:00+00:00,-0.02348328
2008-02-27 00:00:00+00:00,-0.003059553
2008-02-28 00:00:00+00:00,-0.005449894
2008-02-29 00:00:00+00:00,-0.02159788
2008-03-03 00:00:00+00:00,0.01244144
2008-03-04 00:00:00+00:00,-0.01611294
2008-03-05 00:00:00+00:00,0.01992074
2008-03-06 00:00:00+00:00,-0.02510633
2008-03-07 00:00:00+00:00,-0.01180726
2008-03-10 00:00:00+00:00,-0.01461848
2008-03-11 00:00:00+00:00,0.02576925
2008-03-12 00:00:00+00:00,0.006187772
2008-03-13 00:00:00+00:00,-0.01061438
2008-03-14 00:00:00+00:00,-0.03263044
2008-03-17 00:00:00+00:00,-0.029075
2008-03-18 00:00:00+00:00,0.01679435
2008-03-19 00:00:00+00:00,0.0005838408
2008-03-20 00:00:00+00:00,-0.02379623
2008-03-24 00:00:00+00:00,0.03359445
2008-03-25 00:00:00+00:00,0.006864562
2008-03-26 00:00:00+00:00,-0.01582518
2008-03-27 00:00:00+00:00,-0.01859705
2008-03-28 00:00:00+00:00,-0.01217111
2008-03-31 00:00:00+00:00,-0.01557919
2008-04-01 00:00:00+00:00,0.01267659
2008-04-02 00:00:00+00:00,0.006961748
2008-04-03 00:00:00+00:00,0.01135025
2008-04-04 00:00:00+00:00,-0.003110656
2008-04-07 00:00:00+00:00,0.01043144
2008-04-08 00:00:00+00:00,0.02079347
2008-04-09 00:00:00+00:00,-0.01251617
2008-04-10 00:00:00+00:00,-0.008385234
2008-04-11 00:00:00+00:00,-0.0261494
2008-04-14 00:00:00+00:00,0.010712
2008-04-15 00:00:00+00:00,0.004898863
2008-04-16 00:00:00+00:00,0.01452632
2008-04-17 00:00:00+00:00,0.0174246
2008-04-18 00:00:00+00:00,0.02268363
2008-04-21 00:00:00+00:00,0.0008432394
2008-04-22 00:00:00+00:00,-0.02456272
2008-04-23 00:00:00+00:00,0.02628758
2008-04-24 00:00:00+00:00,-0.0004410918
2008-04-25 00:00:00+00:00,0.006371663
2008-04-28 00:00:00+00:00,-0.01549918
2008-04-29 00:00:00+00:00,0.004821619
2008-04-30 00:00:00+00:00,-0.01363415
2008-05-01 00:00:00+00:00,0.0181503
2008-05-02 00:00:00+00:00,-0.004300075
2008-05-05 00:00:00+00:00,-0.0190814
2008-05-06 00:00:00+00:00,0.008726225
2008-05-07 00:00:00+00:00,-0.0164455
2008-05-08 00:00:00+00:00,-0.01022718
2008-05-09 00:00:00+00:00,-0.0008847614
2008-05-12 00:00:00+00:00,0.02297081
2008-05-13 00:00:00+00:00,-0.002038573
2008-05-14 00:00:00+00:00,0.01071495
2008-05-15 00:00:00+00:00,0.01102417
2008-05-16 00:00:00+00:00,-0.003713063
2008-05-19 00:00:00+00:00,0.002346103
2008-05-20 00:00:00+00:00,-0.01504299
2008-05-21 00:00:00+00:00,-0.01785175
2008-05-22 00:00:00+00:00,0.008686405
2008-05-23 00:00:00+00:00,-0.008678638
2008-05-27 00:00:00+00:00,0.008785229
2008-05-28 00:00:00+00:00,0.008074847
2008-05-29 00:00:00+00:00,0.002240659
2008-05-30 00:00:00+00:00,-0.0004880899
2008-06-02 00:00:00+00:00,-0.01234255
2008-06-03 00:00:00+00:00,0.0002423882
2008-06-04 00:00:00+00:00,0.01756184
2008-06-05 00:00:00+00:00,0.03474488
2008-06-06 00:00:00+00:00,-0.03670348
2008-06-09 00:00:00+00:00,0.002084384
2008-06-10 00:00:00+00:00,0.009258397
2008-06-11 00:00:00+00:00,-0.0132366
2008-06-12 00:00:00+00:00,0.009770116
2008-06-13 00:00:00+00:00,0.0115726
2008-06-16 00:00:00+00:00,-0.00551307
2008-06-17 00:00:00+00:00,-0.004878886
2008-06-18 00:00:00+00:00,-0.01208752
2008-06-19 00:00:00+00:00,0.003489889
2008-06-20 00:00:00+00:00,-0.01579722
2008-06-23 00:00:00+00:00,-0.00103407
2008-06-24 00:00:00+00:00,-0.003493578
2008-06-25 00:00:00+00:00,0.006050913
2008-06-26 00:00:00+00:00,-0.03238807
2008-06-27 00:00:00+00:00,-0.005792471
2008-06-30 00:00:00+00:00,0.0005525225
2008-07-01 00:00:00+00:00,0.007545563
2008-07-02 00:00:00+00:00,-0.01774947
2008-07-03 00:00:00+00:00,0.009790494
2008-07-07 00:00:00+00:00,0.005796767
2008-07-08 00:00:00+00:00,0.01747081
2008-07-09 00:00:00+00:00,-0.03434086
2008-07-10 00:00:00+00:00,0.01115459
2008-07-11 00:00:00+00:00,0.002131538
2008-07-14 00:00:00+00:00,-0.002052496
2008-07-15 00:00:00+00:00,-0.007604228
2008-07-16 00:00:00+00:00,0.01593877
2008-07-17 00:00:00+00:00,0.02320995
2008-07-18 00:00:00+00:00,-0.003051176
2008-07-21 00:00:00+00:00,0.004798907
2008-07-22 00:00:00+00:00,0.01256485
2008-07-23 00:00:00+00:00,0.01711989
2008-07-24 00:00:00+00:00,-0.01263199
2008-07-25 00:00:00+00:00,-0.003660001
2008-07-28 00:00:00+00:00,-0.02209992
2008-07-29 00:00:00+00:00,0.01186911
2008-07-30 00:00:00+00:00,0.009739616
2008-07-31 00:00:00+00:00,-0.01157019
2008-08-01 00:00:00+00:00,0.0006529365
2008-08-04 00:00:00+00:00,0.01081064
2008-08-05 00:00:00+00:00,0.02326468
2008-08-06 00:00:00+00:00,0.005957971
2008-08-07 00:00:00+00:00,-0.0006504545
2008-08-08 00:00:00+00:00,0.04112721
2008-08-11 00:00:00+00:00,0.008539229
2008-08-12 00:00:00+00:00,-0.004322576
2008-08-13 00:00:00+00:00,-0.007850536
2008-08-14 00:00:00+00:00,0.004540796
2008-08-15 00:00:00+00:00,-0.0008321821
2008-08-18 00:00:00+00:00,-0.01498619
2008-08-19 00:00:00+00:00,-0.01187163
2008-08-20 00:00:00+00:00,0.008755812
2008-08-21 00:00:00+00:00,0.005857237
2008-08-22 00:00:00+00:00,0.01085795
2008-08-25 00:00:00+00:00,-0.0167296
2008-08-26 00:00:00+00:00,0.005177543
2008-08-27 00:00:00+00:00,0.007568214
2008-08-28 00:00:00+00:00,0.007096267
2008-08-29 00:00:00+00:00,-0.04699401
2008-09-02 00:00:00+00:00,-0.01649296
2008-09-03 00:00:00+00:00,-0.0136923
2008-09-04 00:00:00+00:00,-0.01093156
2008-09-05 00:00:00+00:00,-0.0008479059
2008-09-08 00:00:00+00:00,0.01213969
2008-09-09 00:00:00+00:00,-0.02863327
2008-09-10 00:00:00+00:00,-0.001257278
2008-09-11 00:00:00+00:00,0.004861691
2008-09-12 00:00:00+00:00,-0.003946112
2008-09-15 00:00:00+00:00,-0.03407883
2008-09-16 00:00:00+00:00,-0.0260222
2008-09-17 00:00:00+00:00,-0.01038998
2008-09-18 00:00:00+00:00,0.04080403
2008-09-19 00:00:00+00:00,0.005015687
2008-09-22 00:00:00+00:00,-0.02083719
2008-09-23 00:00:00+00:00,-0.01470445
2008-09-24 00:00:00+00:00,0.007131832
2008-09-25 00:00:00+00:00,0.01042068
2008-09-26 00:00:00+00:00,0.009041033
2008-09-29 00:00:00+00:00,-0.04382403
2008-09-30 00:00:00+00:00,-0.001934609
2008-10-01 00:00:00+00:00,-0.01174447
2008-10-02 00:00:00+00:00,-0.02914851
2008-10-03 00:00:00+00:00,-0.0255537
2008-10-06 00:00:00+00:00,-0.02307273
2008-10-07 00:00:00+00:00,-0.05213443
2008-10-08 00:00:00+00:00,-0.02296873
2008-10-09 00:00:00+00:00,-0.06783128
2008-10-10 00:00:00+00:00,0.007268862
2008-10-13 00:00:00+00:00,0.09876921
2008-10-14 00:00:00+00:00,-0.03922233
2008-10-15 00:00:00+00:00,-0.07054343
2008-10-16 00:00:00+00:00,0.0514789
2008-10-17 00:00:00+00:00,-0.006238649
2008-10-20 00:00:00+00:00,0.02922776
2008-10-21 00:00:00+00:00,-0.01701769
2008-10-22 00:00:00+00:00,-0.07266758
2008-10-23 00:00:00+00:00,-0.030448
2008-10-24 00:00:00+00:00,-0.04562983
2008-10-27 00:00:00+00:00,0.007123598
2008-10-28 00:00:00+00:00,0.06189911
2008-10-29 00:00:00+00:00,-0.006681584
2008-10-30 00:00:00+00:00,0.07942998
2008-10-31 00:00:00+00:00,0.01075193
2008-11-03 00:00:00+00:00,-0.004670465
2008-11-04 00:00:00+00:00,0.03474221
2008-11-05 00:00:00+00:00,-0.01615827
2008-11-06 00:00:00+00:00,-0.02804447
2008-11-07 00:00:00+00:00,0.02919056
2008-11-10 00:00:00+00:00,-0.02261078
2008-11-11 00:00:00+00:00,-0.03240627
2008-11-12 00:00:00+00:00,-0.0690371
2008-11-13 00:00:00+00:00,0.04000346
2008-11-14 00:00:00+00:00,-0.01464628
2008-11-17 00:00:00+00:00,-0.03268231
2008-11-18 00:00:00+00:00,0.006834654
2008-11-19 00:00:00+00:00,-0.04323077
2008-11-20 00:00:00+00:00,-0.03467515
2008-11-21 00:00:00+00:00,0.05438708
2008-11-24 00:00:00+00:00,0.04823647
2008-11-25 00:00:00+00:00,0.01571418
2008-11-26 00:00:00+00:00,0.1012824
2008-11-28 00:00:00+00:00,0.05622984
2008-12-01 00:00:00+00:00,-0.1176222
2008-12-02 00:00:00+00:00,0.02507981
2008-12-03 00:00:00+00:00,0.0134478
2008-12-04 00:00:00+00:00,-0.01425858
2008-12-05 00:00:00+00:00,0.03668737
2008-12-08 00:00:00+00:00,-0.003346742
2008-12-09 00:00:00+00:00,-0.01182247
2008-12-10 00:00:00+00:00,0.01374699
2008-12-11 00:00:00+00:00,-0.03036922
2008-12-12 00:00:00+00:00,0.0264867
2008-12-15 00:00:00+00:00,-0.00944483
2008-12-16 00:00:00+00:00,0.04373445
2008-12-17 00:00:00+00:00,0.0009283635
2008-12-18 00:00:00+00:00,-0.004205154
2008-12-19 00:00:00+00:00,-0.007056626
2008-12-22 00:00:00+00:00,-0.0191057
2008-12-23 00:00:00+00:00,-0.01487954
2008-12-24 00:00:00+00:00,0.003696157
2008-12-26 00:00:00+00:00,0.005084543
2008-12-29 00:00:00+00:00,-0.01524981
2008-12-30 00:00:00+00:00,0.009534528
2008-12-31 00:00:00+00:00,0.01199056
2009-01-02 00:00:00+00:00,0.03002993
2009-01-05 00:00:00+00:00,-0.007491147
2009-01-06 00:00:00+00:00,-0.01372144
2009-01-07 00:00:00+00:00,-0.006805998
2009-01-08 00:00:00+00:00,-0.01379787
2009-01-09 00:00:00+00:00,-0.003203922
2009-01-12 00:00:00+00:00,0.01116364
2009-01-13 00:00:00+00:00,0.006830264
2009-01-14 00:00:00+00:00,-0.02860179
2009-01-15 00:00:00+00:00,0.02270096
2009-01-16 00:00:00+00:00,0.0003344763
2009-01-20 00:00:00+00:00,-0.0337075
2009-01-21 00:00:00+00:00,0.0191292
2009-01-22 00:00:00+00:00,-0.03130808
2009-01-23 00:00:00+00:00,-0.007538982
2009-01-26 00:00:00+00:00,0.007654064
2009-01-27 00:00:00+00:00,0.0002330423
2009-01-28 00:00:00+00:00,0.02924063
2009-01-29 00:00:00+00:00,-0.05021052
2009-01-30 00:00:00+00:00,-0.03578682
2009-02-02 00:00:00+00:00,0.006763964
2009-02-03 00:00:00+00:00,0.03241693
2009-02-04 00:00:00+00:00,-0.04192339
2009-02-05 00:00:00+00:00,-0.000809963
2009-02-06 00:00:00+00:00,0.02963412
2009-02-09 00:00:00+00:00,0.01234869
2009-02-10 00:00:00+00:00,-0.02906191
2009-02-11 00:00:00+00:00,-0.01103269
2009-02-12 00:00:00+00:00,0.02257151
2009-02-13 00:00:00+00:00,-0.01589904
2009-02-17 00:00:00+00:00,-0.02046726
2009-02-18 00:00:00+00:00,-0.01236512
2009-02-19 00:00:00+00:00,-0.02777943
2009-02-20 00:00:00+00:00,0.01797221
2009-02-23 00:00:00+00:00,-0.04144707
2009-02-24 00:00:00+00:00,0.03385695
2009-02-25 00:00:00+00:00,-7.275121e-05
2009-02-26 00:00:00+00:00,-0.01574497
2009-02-27 00:00:00+00:00,0.02670327
2009-03-02 00:00:00+00:00,-0.02412679
2009-03-03 00:00:00+00:00,0.02105039
2009-03-04 00:00:00+00:00,-0.001006466
2009-03-05 00:00:00+00:00,-0.03566367
2009-03-06 00:00:00+00:00,-0.01153698
2009-03-09 00:00:00+00:00,-0.01266285
2009-03-10 00:00:00+00:00,0.06134942
2009-03-11 00:00:00+00:00,0.0147537
2009-03-12 00:00:00+00:00,0.04601244
2009-03-13 00:00:00+00:00,0.0245797
2009-03-16 00:00:00+00:00,-0.008512237
2009-03-17 00:00:00+00:00,0.04497146
2009-03-18 00:00:00+00:00,0.01060116
2009-03-19 00:00:00+00:00,0.0246465
2009-03-20 00:00:00+00:00,-0.01284963
2009-03-23 00:00:00+00:00,0.04563368
2009-03-24 00:00:00+00:00,-0.01351888
2009-03-25 00:00:00+00:00,0.01822496
2009-03-26 00:00:00+00:00,0.01860228
2009-03-27 00:00:00+00:00,-0.01830731
2009-03-30 00:00:00+00:00,-0.02493979
2009-03-31 00:00:00+00:00,0.0114463
2009-04-01 00:00:00+00:00,0.0007251143
2009-04-02 00:00:00+00:00,0.02537519
2009-04-03 00:00:00+00:00,0.02272446
2009-04-06 00:00:00+00:00,0.0004310359
2009-04-07 00:00:00+00:00,-0.03147884
2009-04-08 00:00:00+00:00,0.01521243
2009-04-09 00:00:00+00:00,0.05031109
2009-04-13 00:00:00+00:00,0.003528878
2009-04-14 00:00:00+00:00,-0.01604489
2009-04-15 00:00:00+00:00,0.00325342
2009-04-16 00:00:00+00:00,0.01682114
2009-04-17 00:00:00+00:00,-0.009993074
2009-04-20 00:00:00+00:00,-0.04026455
2009-04-21 00:00:00+00:00,0.03643036
2009-04-22 00:00:00+00:00,0.009016229
2009-04-23 00:00:00+00:00,0.01046616
2009-04-24 00:00:00+00:00,0.01760144
2009-04-27 00:00:00+00:00,-0.002256761
2009-04-28 00:00:00+00:00,-0.0003413814
2009-04-29 00:00:00+00:00,0.0601204
2009-04-30 00:00:00+00:00,0.01486083
2009-05-01 00:00:00+00:00,0.009580465
2009-05-04 00:00:00+00:00,0.04236712
2009-05-05 00:00:00+00:00,-0.01097602
2009-05-06 00:00:00+00:00,-0.003448455
2009-05-07 00:00:00+00:00,-0.01679924
2009-05-08 00:00:00+00:00,-0.000501373
2009-05-11 00:00:00+00:00,-0.007254352
2009-05-12 00:00:00+00:00,0.005832397
2009-05-13 00:00:00+00:00,-0.02142605
2009-05-14 00:00:00+00:00,0.005880366
2009-05-15 00:00:00+00:00,-0.00878597
2009-05-18 00:00:00+00:00,0.02545707
2009-05-19 00:00:00+00:00,0.01211803
2009-05-20 00:00:00+00:00,0.01688839
2009-05-21 00:00:00+00:00,-0.01204825
2009-05-22 00:00:00+00:00,-0.008254456
2009-05-26 00:00:00+00:00,0.03546551
2009-05-27 00:00:00+00:00,-0.01568541
2009-05-28 00:00:00+00:00,0.01390612
2009-05-29 00:00:00+00:00,0.004569944
2009-06-01 00:00:00+00:00,0.03927568
2009-06-02 00:00:00+00:00,-0.002754659
2009-06-03 00:00:00+00:00,-0.01512537
2009-06-04 00:00:00+00:00,0.009284442
2009-06-05 00:00:00+00:00,0.003372403
2009-06-08 00:00:00+00:00,0.002091637
2009-06-09 00:00:00+00:00,0.00564747
2009-06-10 00:00:00+00:00,0.001873165
2009-06-11 00:00:00+00:00,-0.004115831
2009-06-12 00:00:00+00:00,-0.002182645
2009-06-15 00:00:00+00:00,-0.01897766
2009-06-16 00:00:00+00:00,-0.009612807
2009-06-17 00:00:00+00:00,0.009363035
2009-06-18 00:00:00+00:00,-0.01016048
2009-06-19 00:00:00+00:00,-0.001991864
2009-06-22 00:00:00+00:00,-0.0317528
2009-06-23 00:00:00+00:00,-0.01260638
2009-06-24 00:00:00+00:00,0.01094742
2009-06-25 00:00:00+00:00,0.03125695
2009-06-26 00:00:00+00:00,0.005728963
2009-06-29 00:00:00+00:00,0.02988906
2009-06-30 00:00:00+00:00,0.02967529
2009-07-01 00:00:00+00:00,0.009126016
2009-07-02 00:00:00+00:00,-0.007845473
2009-07-06 00:00:00+00:00,0.02962316
2009-07-07 00:00:00+00:00,-0.02621216
2009-07-08 00:00:00+00:00,0.01978623
2009-07-09 00:00:00+00:00,-0.005917846
2009-07-10 00:00:00+00:00,-0.006221522
2009-07-13 00:00:00+00:00,0.004754972
2009-07-14 00:00:00+00:00,-0.005219736
2009-07-15 00:00:00+00:00,0.04466402
2009-07-16 00:00:00+00:00,0.01791531
2009-07-17 00:00:00+00:00,-0.002274096
2009-07-20 00:00:00+00:00,0.02063763
2009-07-21 00:00:00+00:00,0.01400266
2009-07-22 00:00:00+00:00,-0.001803666
2009-07-23 00:00:00+00:00,0.0237875
2009-07-24 00:00:00+00:00,0.02040814
2009-07-27 00:00:00+00:00,-0.008303691
2009-07-28 00:00:00+00:00,-0.00740172
2009-07-29 00:00:00+00:00,0.004130507
2009-07-30 00:00:00+00:00,0.007008777
2009-07-31 00:00:00+00:00,0.001597036
2009-08-03 00:00:00+00:00,0.01794424
2009-08-04 00:00:00+00:00,-0.00697602
2009-08-05 00:00:00+00:00,-0.005997195
2009-08-06 00:00:00+00:00,-0.00884645
2009-08-07 00:00:00+00:00,0.01103682
2009-08-10 00:00:00+00:00,0.001282716
2009-08-11 00:00:00+00:00,-0.01139679
2009-08-12 00:00:00+00:00,0.01295741
2009-08-13 00:00:00+00:00,0.007425456
2009-08-14 00:00:00+00:00,-0.00518598
2009-08-17 00:00:00+00:00,-0.02671834
2009-08-18 00:00:00+00:00,0.004485693
2009-08-19 00:00:00+00:00,0.004472696
2009-08-20 00:00:00+00:00,-0.0005661817
2009-08-21 00:00:00+00:00,0.0211414
2009-08-24 00:00:00+00:00,0.01036004
2009-08-25 00:00:00+00:00,0.02039824
2009-08-26 00:00:00+00:00,0.01365975
2009-08-27 00:00:00+00:00,0.02125743
2009-08-28 00:00:00+00:00,0.01217551
2009-08-31 00:00:00+00:00,-0.004951676
2009-09-01 00:00:00+00:00,-0.01304542
2009-09-02 00:00:00+00:00,0.001545847
2009-09-03 00:00:00+00:00,0.02353088
2009-09-04 00:00:00+00:00,0.008329981
2009-09-08 00:00:00+00:00,0.006179329
2009-09-09 00:00:00+00:00,0.01764358
2009-09-10 00:00:00+00:00,0.006160391
2009-09-11 00:00:00+00:00,-0.002692838
2009-09-14 00:00:00+00:00,0.001513167
2009-09-15 00:00:00+00:00,0.005768622
2009-09-16 00:00:00+00:00,0.008536475
2009-09-17 00:00:00+00:00,-0.007013746
2009-09-18 00:00:00+00:00,0.001942973
2009-09-21 00:00:00+00:00,0.004563104
2009-09-22 00:00:00+00:00,0.01013549
2009-09-23 00:00:00+00:00,0.005511917
2009-09-24 00:00:00+00:00,-0.01914973
2009-09-25 00:00:00+00:00,-0.01486447
2009-09-28 00:00:00+00:00,0.01992581
2009-09-29 00:00:00+00:00,-0.0178423
2009-09-30 00:00:00+00:00,0.002114829
2009-10-01 00:00:00+00:00,-0.02147457
2009-10-02 00:00:00+00:00,5.988713e-05
2009-10-05 00:00:00+00:00,0.009162467
2009-10-06 00:00:00+00:00,0.02502633
2009-10-07 00:00:00+00:00,-0.0001937376
2009-10-08 00:00:00+00:00,0.01558928
2009-10-09 00:00:00+00:00,0.004162172
2009-10-12 00:00:00+00:00,0.003119117
2009-10-13 00:00:00+00:00,-0.002019931
2009-10-14 00:00:00+00:00,0.02230429
2009-10-15 00:00:00+00:00,-0.0004221782
2009-10-16 00:00:00+00:00,-0.00831498
2009-10-19 00:00:00+00:00,0.007046169
2009-10-20 00:00:00+00:00,-0.004161236
2009-10-21 00:00:00+00:00,-0.009698023
2009-10-22 00:00:00+00:00,0.0205807
2009-10-23 00:00:00+00:00,-0.004147271
2009-10-26 00:00:00+00:00,-0.005656698
2009-10-27 00:00:00+00:00,-0.01342148
2009-10-28 00:00:00+00:00,-0.03635824
2009-10-29 00:00:00+00:00,0.02354634
2009-10-30 00:00:00+00:00,-0.03057576
2009-11-02 00:00:00+00:00,0.00583874
2009-11-03 00:00:00+00:00,0.005685065
2009-11-04 00:00:00+00:00,0.004100677
2009-11-05 00:00:00+00:00,0.02190855
2009-11-06 00:00:00+00:00,0.002674321
2009-11-09 00:00:00+00:00,0.03866517
2009-11-10 00:00:00+00:00,-0.004370053
2009-11-11 00:00:00+00:00,0.01251556
2009-11-12 00:00:00+00:00,-0.01685226
2009-11-13 00:00:00+00:00,0.01171869
2009-11-16 00:00:00+00:00,0.005366803
2009-11-17 00:00:00+00:00,-0.007636459
2009-11-18 00:00:00+00:00,-0.005499836
2009-11-19 00:00:00+00:00,-0.01606778
2009-11-20 00:00:00+00:00,0.0004381571
2009-11-23 00:00:00+00:00,0.002671316
2009-11-24 00:00:00+00:00,0.006839993
2009-11-25 00:00:00+00:00,0.009259982
2009-11-27 00:00:00+00:00,-0.01638894
2009-11-30 00:00:00+00:00,-0.01413704
2009-12-01 00:00:00+00:00,0.01181552
2009-12-02 00:00:00+00:00,-0.005471362
2009-12-03 00:00:00+00:00,-0.01813229
2009-12-04 00:00:00+00:00,0.008723843
2009-12-07 00:00:00+00:00,-0.008653089
2009-12-08 00:00:00+00:00,-0.01809226
2009-12-09 00:00:00+00:00,-0.001964843
2009-12-10 00:00:00+00:00,0.008884617
2009-12-11 00:00:00+00:00,0.006570478
2009-12-14 00:00:00+00:00,0.01124404
2009-12-15 00:00:00+00:00,0.005165401
2009-12-16 00:00:00+00:00,-0.0006320269
2009-12-17 00:00:00+00:00,-0.01414989
2009-12-18 00:00:00+00:00,0.01644163
2009-12-21 00:00:00+00:00,0.02471464
2009-12-22 00:00:00+00:00,-0.0007678753
2009-12-23 00:00:00+00:00,0.006275254
2009-12-24 00:00:00+00:00,-0.001066974
2009-12-28 00:00:00+00:00,0.008045822
2009-12-29 00:00:00+00:00,0.007204036
2009-12-30 00:00:00+00:00,0.002645776
2009-12-31 00:00:00+00:00,-0.02301073
