date,GE,JPM,MSFT,PG
2015-01-02,,,,
2015-01-05,-0.018356,-0.031045,-0.009303,-0.004755
2015-01-06,-0.021545,-0.025929,-0.014571,-0.004555
2015-01-07,0.000415,0.001526,0.012705,0.005246
2015-01-08,0.012043,0.022346,0.029418,0.011436
2015-01-09,-0.013952,-0.017387,-0.008405,-0.00933
2015-01-12,-0.002081,-0.008595,-0.012503,-0.003657
2015-01-13,-0.005004,0.00017,-0.005258,0.004226
2015-01-14,-0.003353,-0.0345,-0.008629,-0.003433
2015-01-15,-0.00841,-0.032037,-0.010336,-0.001445
2015-01-16,0.000424,0.017094,0.016711,0.015469
2015-01-20,0.011022,-0.003933,0.003244,-0.000658
2015-01-21,0.007966,0.003231,-0.010131,-0.005044
2015-01-22,0.009983,0.030417,0.02635,0.009809
2015-01-23,0.008237,-0.015801,0.001061,-0.016809
2015-01-26,0.004493,0.001588,-0.003603,-0.005551
2015-01-27,-0.00854,-0.010041,-0.092534,-0.034494
2015-01-28,-0.022149,-0.025801,-0.034459,-0.015493
2015-01-29,0.010067,0.016804,0.019908,0.006107
2015-01-30,-0.00789,-0.023172,-0.038324,-0.016108
2015-02-02,0.013395,0.020044,0.021782,0.009847
2015-02-03,0.010739,0.022535,0.007752,0.009751
2015-02-04,-0.012669,-0.005994,0.005769,-0.001862
2015-02-05,0.014073,0.006917,0.014579,0.010607
2015-02-06,0.000816,0.019729,-0.000942,-0.012572
2015-02-09,0.004894,-0.001209,-0.001179,-0.006541
2015-02-10,0.003247,0.011069,0.005666,0.003998
2015-02-11,0.002023,-0.00154,-0.005164,0.002928
2015-02-12,0.004845,0.020559,0.016753,0.004554
2015-02-13,0.010446,0.001679,0.018102,-0.001511
2015-02-17,0.000795,0.007206,-0.00661,-0.004773
2015-02-18,0.003178,-0.012146,-0.001147,0.009007
2015-02-19,-0.009505,-0.002358,-0.000689,-0.012173
2015-02-20,0.007997,0.009624,0.008161,-0.00399
2015-02-23,-0.001587,-0.007525,0.006727,0.006127
2015-02-24,0.008741,0.024768,-0.001359,0.001288
2015-02-25,0.020481,0.005261,-0.002268,-0.000468
2015-02-26,-0.000772,0.007197,0.001478,-0.003393
2015-02-27,0.003862,-0.004872,-0.004653,-0.00047
2015-03-02,0.004617,0.007996,0.000684,0.003289
2015-03-03,-0.009575,0.003238,-0.013674,-0.002927
2015-03-04,-0.007734,0.002582,-0.005199,-0.009512
2015-03-05,0.006235,-0.002092,0.001277,0.00332
2015-03-06,-0.015492,-0.017903,-0.017397,-0.023278
2015-03-09,0.008655,0.010018,0.011568,0.005202
2015-03-10,-0.018331,-0.025041,-0.019137,-0.018654
2015-03-11,0.000795,0.00467,-0.00119,-0.00184
2015-03-12,0.008337,0.018758,-0.022868,0.008601
2015-03-13,-0.014173,-0.006029,0.008776,-0.003167
2015-03-16,0.016374,0.013934,0.00435,0.021141
2015-03-17,-0.005501,-0.00388,0.003248,-0.008497
2015-03-18,0.013038,0.002272,0.019307,0.010863
2015-03-19,-0.01209,-0.008907,-0.005059,-0.004418
2015-03-20,0.002764,0.008987,0.014071,0.016311
2015-03-23,0.002756,-0.009879,-0.000583,0.001416
2015-03-24,-0.007852,-0.011122,0.00105,-0.011077
2015-03-25,-0.014246,-0.014059,-0.033566,-0.010844
2015-03-26,-0.004416,-0.001174,-0.00603,-0.01036
2015-03-27,0.002419,0.000168,-0.005824,0.001948
2015-03-30,0.010459,0.023678,-0.000244,0.004981
2015-03-31,-0.012341,-0.006234,-0.007446,-0.009429
2015-04-01,0.001209,-0.010399,0.001599,0.004638
2015-04-02,0.004026,0.009508,-0.01056,0.001336
2015-04-06,0.009623,-0.000826,0.031149,0.0074
2015-04-07,-0.006354,0.006284,-0.000361,-0.007828
2015-04-08,-0.0004,0.003287,-0.002649,0.004612
2015-04-09,0.028788,0.00688,0.001449,0.00145
2015-04-10,0.108045,0.003742,0.005786,0.00555
2015-04-13,-0.030866,0.005997,0.000959,0.00096
2015-04-14,0.003619,0.015628,-0.002634,0.002038
2015-04-15,-0.009737,0.01856,0.014526,-0.001077
2015-04-16,-0.006555,-0.00623,-0.002248,-0.00012
2015-04-17,-0.0011,-0.015201,-0.012927,-0.011617
2015-04-20,-0.00844,0.006365,0.030998,0.00412
2015-04-21,-0.014804,-0.014706,-0.006293,0.002534
2015-04-22,0.010894,0.010111,0.008209,0.00012
2015-04-23,-0.00223,-0.002224,0.008259,-0.025755
2015-04-24,-0.001862,-0.003185,0.104522,0.000618
2015-04-27,0.002985,-0.004153,0.003342,-0.004938
2015-04-28,0.008929,0.006737,0.023423,-0.002233
2015-04-29,-0.001106,0.013384,-0.001933,-0.007088
2015-04-30,-0.000369,-0.005346,-0.008561,-0.004258
2015-05-01,0.008493,0.005533,0.000308,0.00981
2015-05-04,-0.001465,0.01745,-0.008529,0.000747
2015-05-05,-0.012835,-0.004944,-0.013267,-0.003485
2015-05-06,-0.004086,-0.007453,-0.027731,0.004121
2015-05-07,0.008579,0.009074,0.009075,-0.002488
2015-05-08,0.011834,0.015349,0.022484,0.009476
2015-05-11,-0.016082,-0.000611,-0.007958,-0.008523
2015-05-12,0.004086,-0.001375,-0.000422,-0.003987
2015-05-13,0.006659,0.002448,0.005808,-0.003127
2015-05-14,0.00735,0.008089,0.022992,0.010916
2015-05-15,-0.005108,-0.002574,-0.008723,0.005958
2015-05-18,0.001467,0.008197,-0.005901,-0.003825
2015-05-19,0.001465,0.008883,-0.008956,0.001115
2015-05-20,0.010603,-0.007909,0.0,-0.00433
2015-05-21,0.002894,0.002557,-0.003363,-0.00087
2015-05-22,-0.001443,-0.002701,-0.010966,-0.005721
2015-05-26,-0.00578,-0.011133,-0.00661,-0.010131
2015-05-27,0.0,0.011258,0.021893,0.003159
2015-05-28,0.003997,-0.004062,-0.003361,-0.000756
2015-05-29,-0.013029,-0.006344,-0.012434,-0.011849
2015-06-01,0.000367,0.004561,0.007896,0.005868
2015-06-02,0.001833,-0.000908,-0.006564,-0.003932
2015-06-03,0.007318,0.0103,-0.001492,0.000255
2015-06-04,-0.009807,-0.005547,-0.010459,-0.005219
2015-06-05,0.001101,0.016433,-0.004745,-0.009213
2015-06-08,-0.001832,-0.007861,-0.008886,0.003616
2015-06-09,0.003304,0.004335,-0.001749,0.015313
2015-06-10,0.010977,0.016076,0.02103,0.008112
2015-06-11,-0.004343,0.003809,-0.003647,-0.001634
2015-06-12,-0.004362,-0.00394,-0.010121,-0.0068
2015-06-15,-0.006572,-0.00381,-0.010768,-0.009509
2015-06-16,0.000368,0.005589,0.007806,0.012545
2015-06-17,0.001837,-0.003364,0.003055,0.012389
2015-06-18,0.003667,0.009392,0.016315,0.009241
2015-06-19,-0.00475,-0.010177,-0.013271,-0.003464
2015-06-22,0.006608,0.012926,0.00282,-0.001117
2015-06-23,0.004741,0.011456,-0.006922,-0.008204
2015-06-24,-0.010526,-0.010466,-0.00599,-0.003509
2015-06-25,-0.00807,-0.005361,0.000329,-0.001509
2015-06-26,0.001849,0.00437,-0.008543,-0.00063
2015-06-29,-0.016611,-0.025381,-0.019664,-0.012856
2015-06-30,-0.002628,0.008333,-0.004958,-0.001021
2015-07-01,0.003387,0.004575,0.006682,0.018916
2015-07-02,0.004501,-0.00808,-0.001012,0.002634
2015-07-06,-0.01755,-0.002814,-0.000225,0.001501
2015-07-07,0.006081,-0.007872,-0.002027,0.020862
2015-07-08,-0.021912,-0.020509,-0.001354,-0.008933
2015-07-09,0.005021,0.010393,0.006329,-0.004075
2015-07-10,0.009608,0.014219,0.002022,0.003595
2015-07-13,0.007613,0.015511,0.020847,0.011859
2015-07-14,0.007178,0.013952,0.001757,0.001587
2015-07-15,0.004126,0.002173,0.003069,0.001341
2015-07-16,0.010086,0.005348,0.019668,0.001826
2015-07-17,0.007396,-0.005032,-0.000857,-0.000729
2015-07-20,-0.003671,0.000722,0.006435,-0.000608
2015-07-21,-0.010685,-0.00231,0.007673,-0.006813
2015-07-22,-0.008194,0.014182,-0.036802,-0.0098
2015-07-23,-0.013894,-0.006279,0.012516,-0.001608
2015-07-24,-0.019421,-0.010482,-0.003687,-0.005081
2015-07-27,0.007767,-0.013061,-0.012843,-0.003986
2015-07-28,0.00578,0.000588,-0.000221,0.003251
2015-07-29,0.00613,0.013079,0.020953,0.004861
2015-07-30,-0.005331,0.001451,0.012746,-0.040065
2015-07-31,-0.000766,-0.007387,-0.00384,-0.008916
2015-08-03,-0.008812,0.0,0.002355,-0.003911
2015-08-04,0.00116,-0.001021,0.015595,-0.006414
2015-08-05,0.007722,0.003944,0.000841,-0.001844
2015-08-06,-0.002682,-0.006984,-0.020177,-0.000396
2015-08-07,-0.00922,-0.00293,0.002574,-0.003433
2015-08-10,0.017449,0.012344,0.012623,0.011924
2015-08-11,-0.020198,-0.00958,-0.019438,-0.002095
2015-08-12,0.005834,-0.01451,0.007111,0.00223
2015-08-13,-0.002707,0.00461,-0.000214,-0.007985
2015-08-14,0.011245,0.005033,0.005778,-0.002111
2015-08-17,0.004985,0.002651,0.006809,-0.00119
2015-08-18,-0.005341,0.002057,-0.001057,-0.005296
2015-08-19,-0.013042,-0.008943,-0.013962,-0.013443
2015-08-20,-0.020987,-0.024556,-0.020382,-0.002833
2015-08-21,-0.023819,-0.035487,-0.056724,-0.028007
2015-08-24,-0.02928,-0.052673,-0.032273,-0.037584
2015-08-25,-0.025136,-0.005643,-0.029031,-0.010414
2015-08-26,0.031801,0.050075,0.05535,0.036247
2015-08-27,0.041649,0.024956,0.027862,0.008181
2015-08-28,0.005998,-0.005428,0.000683,-0.003777
2015-08-31,-0.013514,-0.000468,-0.009333,-0.007583
2015-09-01,-0.037873,-0.041342,-0.039063,-0.025046
2015-09-02,0.028894,0.018226,0.036824,0.013208
2015-09-03,-0.002442,0.001758,0.003229,0.001719
2015-09-04,-0.020808,-0.018826,-0.02046,-0.016731
2015-09-08,0.04,0.026992,0.03004,0.017743
2015-09-09,-0.016426,-0.015516,-0.018683,-0.021435
2015-09-10,0.005295,0.00772,0.005108,-0.002336
2015-09-11,0.01094,-0.001596,0.004389,0.001464
2015-09-14,-0.007214,-0.002877,-0.01012,-0.005262
2015-09-15,0.021397,0.019237,0.02184,0.020423
2015-09-16,0.024901,0.008808,0.007276,0.009359
2015-09-17,-0.022368,-0.02323,-0.001129,0.001997
2015-09-18,-0.021696,-0.027294,-0.017401,-0.004271
2015-09-21,0.011694,0.008369,0.014489,0.010152
2015-09-22,0.000797,-0.008788,-0.004761,-0.006511
2015-09-23,0.001195,-0.004433,-0.000683,0.000997
2015-09-24,-0.009149,-0.006926,0.000912,0.015656
2015-09-25,0.000401,0.020757,0.000683,0.018358
2015-09-28,-0.024478,-0.024239,-0.014793,-0.012385
2015-09-29,0.010695,-0.002334,0.003465,0.007106
2015-09-30,0.026455,0.018884,0.017495,-0.004704
2015-10-01,-0.00119,0.007381,0.009276,0.000139
2015-10-02,0.011116,-0.009932,0.02152,0.006532
2015-10-05,0.053004,0.019898,0.023261,0.011047
2015-10-06,0.017524,0.000484,0.002573,0.002458
2015-10-07,0.017589,0.001289,0.00107,0.00436
2015-10-08,0.009363,0.0,0.013889,0.009224
2015-10-09,0.001427,-0.003219,-0.007165,0.001075
2015-10-12,0.000713,-0.003391,-0.002335,-0.002014
2015-10-13,-0.007832,-0.002754,-0.00234,-0.00296
2015-10-14,-0.009688,-0.025345,-0.004479,0.001349
2015-10-15,0.01558,0.031672,0.007069,0.000809
2015-10-16,0.033892,0.008725,0.010636,0.008483
2015-10-19,0.000345,-0.003364,0.002315,0.003471
2015-10-20,-0.007244,0.004822,0.00315,-0.009713
2015-10-21,0.002432,-0.007358,-0.011932,-0.011286
2015-10-22,0.025303,0.018208,0.017585,0.017122
2015-10-23,-0.002366,0.010761,0.10077,0.029125
2015-10-26,0.001355,0.00047,0.026102,0.005972
2015-10-27,-0.003046,-0.004069,-0.010323,-0.002581
2015-10-28,-0.002376,0.029227,0.005401,-0.010092
2015-10-29,-0.001701,-0.004427,-0.011486,0.006666
2015-10-30,-0.014315,-0.014722,-0.013493,-0.00831
2015-11-02,0.016598,0.020078,0.011398,0.00288
2015-11-03,0.006463,0.003662,0.017092,0.005875
2015-11-04,-0.00169,0.001064,0.004617,0.00013
2015-11-05,0.003385,0.00896,-0.000368,-0.008695
2015-11-06,0.009447,0.030403,0.00993,-0.010734
2015-11-09,-0.005682,-0.01563,-0.013838,-0.00225
2015-11-10,0.012437,0.004303,-0.012001,0.004907
2015-11-11,0.01826,-0.004876,0.002616,0.002508
2015-11-12,-0.016629,-0.020045,-0.006151,-0.017114
2015-11-13,0.003979,-0.006667,-0.009002,-0.009376
2015-11-16,0.002642,0.014491,0.017506,0.018118
2015-11-17,-0.001318,-0.005713,-0.014787,-0.003054
2015-11-18,0.006596,0.019961,0.016613,0.011056
2015-11-19,-0.008191,0.003113,0.001671,0.004216
2015-11-20,0.012884,-0.001774,0.004635,-0.005248
2015-11-23,-0.002283,-0.009772,0.0,0.001978
2015-11-24,0.002288,-0.001495,0.001107,0.006318
2015-11-25,-0.009785,0.001198,-0.010323,-0.007194
2015-11-27,0.0,0.004637,0.00447,-0.002635
2015-11-30,-0.013834,-0.007295,0.007788,-0.011361
2015-12-01,0.007682,0.013947,0.016007,0.014698
2015-12-02,-0.006629,-0.014051,-0.000181,-0.001975
2015-12-03,0.002002,-0.012901,-0.018294,-0.00066
2015-12-04,0.015318,0.031763,0.03155,0.027594
2015-12-07,-0.003936,-0.013109,-0.001789,0.006938
2015-12-08,-0.005927,-0.015522,-0.000358,-0.007911
2015-12-09,0.009275,-0.00758,-0.014519,-0.000643
2015-12-10,0.005907,0.002291,0.005275,0.001158
2015-12-11,-0.012724,-0.023472,-0.021893,-0.000129
2015-12-14,0.0,0.003122,0.019978,0.006557
2015-12-15,0.001983,0.028474,0.001088,0.017755
2015-12-16,0.021768,0.021634,0.016848,0.016441
2015-12-17,-0.01388,-0.01851,-0.007661,-0.008643
2015-12-18,-0.008838,-0.028365,-0.028187,-0.026902
2015-12-21,0.003963,0.017702,0.012932,0.010495
2015-12-22,0.002961,0.002136,0.009484,0.008233
2015-12-23,0.015087,0.015987,0.008491,0.00402
2015-12-24,-0.003877,-0.001948,-0.002687,-0.001627
2015-12-28,0.002271,-0.003303,0.00503,0.001629
2015-12-29,0.012298,0.010395,0.010724,0.005506
2015-12-30,-0.007353,-0.007157,-0.004244,-0.003609
2015-12-31,0.003221,-0.00841,-0.01474,-0.008243
2016-01-04,-0.014125,-0.036499,-0.012257,-0.013097
2016-01-05,0.000977,0.001729,0.004562,0.00319
2016-01-06,-0.01594,-0.014436,-0.018165,-0.009667
2016-01-07,-0.042314,-0.040439,-0.034783,-0.008734
2016-01-08,-0.01795,-0.022399,0.003067,-0.015678
2016-01-11,0.004569,-0.001527,-0.000573,0.009214
2016-01-12,0.002099,0.00221,0.009178,-0.002087
2016-01-13,-0.013966,-0.027476,-0.021599,-0.008626
2016-01-14,0.029037,0.014998,0.028466,0.003955
2016-01-15,-0.019615,-0.019931,-0.039917,-0.015364
2016-01-19,0.0,-0.000526,-0.008433,0.02334
2016-01-20,-0.017199,-0.026311,0.004549,-0.011729
2016-01-21,0.021071,-0.004684,-0.006104,0.011737
2016-01-22,-0.012242,0.030769,0.035856,0.008342
2016-01-25,-0.007082,-0.022651,-0.009562,-0.006593
2016-01-26,0.009629,0.025512,0.007337,0.025504
2016-01-27,-0.01095,-0.000701,-0.01821,-0.000127
2016-01-28,0.0075,0.004208,0.016302,0.012944
2016-01-29,0.031549,0.038757,0.058304,0.023428
2016-02-01,-0.015808,-0.010756,-0.006898,-0.006978
2016-02-02,-0.013966,-0.031091,-0.031256,-0.011095
2016-02-03,0.015227,0.006663,-0.015849,0.01097
2016-02-04,0.017789,0.017244,-0.003067,-0.004932
2016-02-05,-0.021933,-0.01113,-0.035385,0.006196
2016-02-08,-0.012964,-0.020952,-0.014952,0.017488
2016-02-09,0.003905,-0.006013,-0.002631,0.000242
2016-02-10,0.000707,-0.0121,0.008726,-0.012343
2016-02-11,-0.030035,-0.044128,-0.000402,-0.021073
2016-02-12,0.029508,0.083286,0.016301,0.013642
2016-02-16,0.021231,0.014959,0.011683,0.005927
2016-02-17,0.016632,0.007198,0.026032,0.012029
2016-02-18,-0.008862,-0.016335,-0.004388,-0.0057
2016-02-19,-0.002063,0.000173,-0.007089,-0.002318
2016-02-22,0.013439,0.012971,0.016017,0.004157
2016-02-23,-0.00646,-0.04183,-0.02792,-0.003896
2016-02-24,-0.008898,0.000356,0.003517,-0.003056
2016-02-25,0.009323,0.015497,0.014408,0.009564
2016-02-26,0.005816,0.009297,-0.015355,-0.01506
2016-02-29,-0.008844,-0.02155,-0.008187,-0.009988
2016-03-01,0.025395,0.05151,0.033412,0.011708
2016-03-02,0.01004,0.009459,0.007037,0.01625
2016-03-03,0.001325,0.003347,-0.011331,0.003513
2016-03-04,0.007942,0.001501,-0.006113,0.007846
2016-03-07,-0.005581,-0.001832,-0.01922,-0.004671
2016-03-08,-0.007593,-0.019353,0.01215,-0.000481
2016-03-09,-0.000333,0.005784,0.02304,-0.001204
2016-03-10,-0.003661,-0.008627,-0.014951,-0.008197
2016-03-11,0.01336,0.012455,0.019597,-0.006441
2016-03-14,-0.002307,-0.003707,0.001884,-0.007095
2016-03-15,0.00033,0.001353,0.007899,0.001725
2016-03-16,-0.003633,-0.00473,0.014182,0.000369
2016-03-17,0.026185,-0.002885,0.005704,0.017335
2016-03-18,-0.001292,0.029447,-0.021405,0.004834
2016-03-21,0.005498,-0.000331,0.006917,0.002044
2016-03-22,-0.000965,-0.003639,0.003899,-0.006961
2016-03-23,0.000322,-0.00498,-0.001849,0.000967
2016-03-24,0.001287,-0.007674,0.004447,0.000845
2016-03-28,0.012215,-0.001345,-0.012359,-0.003257
2016-03-29,-0.000318,-0.006229,0.021853,0.002179
2016-03-30,0.011118,0.01152,0.006215,-0.001449
2016-03-31,-0.001257,-0.008206,0.00327,-0.004475
2016-04-01,0.004404,0.010976,0.006156,0.014822
2016-04-04,-0.021923,-0.011191,-0.002519,-0.003831
2016-04-05,-0.008005,-0.014189,-0.015695,-0.000601
2016-04-06,-0.002582,0.007711,0.010264,0.007816
2016-04-07,-0.008738,-0.025336,-0.011974,-0.006801
2016-04-08,0.005224,0.007327,-0.000734,-0.000481
2016-04-11,-0.002598,0.007967,-0.002021,-0.005649
2016-04-12,0.003256,0.018557,0.00626,0.001209
2016-04-13,0.005518,0.042341,0.012809,-0.004467
2016-04-14,0.001291,0.012947,0.000181,-0.005457
2016-04-15,0.000322,-0.011503,0.005238,0.003536
2016-04-18,0.000967,0.006465,0.014555,0.00644
2016-04-19,0.002898,0.016862,-0.00124,0.005433
2016-04-20,0.0,0.014529,-0.014187,-0.020773
2016-04-21,-0.005457,-0.009963,0.003418,-0.009197
2016-04-22,-0.007101,0.005818,-0.07171,0.001856
2016-04-25,-0.002601,-0.005784,0.006373,0.005683
2016-04-26,0.007171,0.005189,-0.012857,-0.022847
2016-04-27,0.000971,0.002816,-0.00972,0.004274
2016-04-28,-0.00097,-0.007955,-0.020416,-0.001627
2016-04-29,-0.004854,-0.006289,-0.000601,0.004514
2016-05-02,0.004553,0.009335,0.014839,0.010609
2016-05-03,-0.008417,-0.019282,-0.0164,0.001606
2016-05-04,-0.018283,-0.015825,0.001808,0.006165
2016-05-05,-0.005986,-0.00536,0.001404,-0.003676
2016-05-06,0.007695,0.005879,0.009011,0.010209
2016-05-09,-0.0083,-0.006331,-0.00635,-0.000122
2016-05-10,0.020422,0.01356,0.018973,0.004384
2016-05-11,-0.004593,-0.003707,0.000588,-0.004001
2016-05-12,-0.00824,-0.000647,0.009011,0.003165
2016-05-13,-0.014955,-0.009228,-0.008348,-0.014319
2016-05-16,0.010796,0.007516,0.014683,0.004924
2016-05-17,-0.008344,0.0,-0.025468,-0.012373
2016-05-18,-0.003366,0.038599,0.005939,-0.009551
2016-05-19,-0.008443,-0.01015,-0.009644,0.004258
2016-05-20,0.006812,0.001893,0.005962,-0.00212
2016-05-23,-0.002368,-0.000787,-0.011655,0.002249
2016-05-24,0.012208,0.017019,0.031181,0.009601
2016-05-25,0.00804,0.015184,0.010273,0.006299
2016-05-26,-0.002326,-0.007479,-0.004413,-0.003191
2016-05-27,0.003331,0.006151,0.008287,0.002586
2016-05-31,0.003652,-0.002445,0.012997,-0.004789
2016-06-01,-0.00397,0.006435,-0.00283,0.009255
2016-06-02,-0.001993,0.001827,-0.007001,0.001956
2016-06-03,-0.003661,-0.017778,-0.013148,0.006345
2016-06-06,0.006012,0.009901,0.006565,0.003638
2016-06-07,0.000664,-0.00337,-0.000575,-0.005437
2016-06-08,0.00564,0.00292,-0.001152,0.004009
2016-06-09,-0.002309,-0.007663,-0.008071,0.006292
2016-06-10,-0.006614,-0.014054,-0.002712,0.000361
2016-06-13,-0.006991,-0.008929,-0.02603,-0.007572
2016-06-14,0.020449,-0.018808,-0.006183,0.009447
2016-06-15,0.004928,-0.001772,-0.00281,-0.004799
2016-06-16,0.001635,0.004034,0.014087,0.005546
2016-06-17,-0.001305,0.000964,-0.00516,-0.003357
2016-06-20,0.007516,0.001445,-0.001197,-0.001083
2016-06-21,0.003568,0.009299,0.022369,0.004456
2016-06-22,-0.005171,-0.003813,-0.003907,0.001918
2016-06-23,0.01332,0.021368,0.018043,0.007658
2016-06-24,-0.043924,-0.069477,-0.040069,-0.023156
2016-06-27,-0.016767,-0.033389,-0.028096,-0.012521
2016-06-28,0.021146,0.033154,0.020855,0.015142
2016-06-29,0.020374,0.028226,0.022249,0.017584
2016-06-30,0.030442,0.015359,0.012465,0.009057
2016-07-01,0.000318,-0.014162,-0.000195,0.001299
2016-07-05,-0.00127,-0.027914,0.000195,0.007785
2016-07-06,0.009221,0.010747,0.004104,-0.004799
2016-07-07,0.00252,0.006479,0.0,-0.002352
2016-07-08,0.011942,0.020634,0.017906,0.011081
2016-07-11,0.000311,0.007116,0.005545,-0.000233
2016-07-12,0.001552,0.014935,0.011789,0.0
2016-07-13,0.0031,-0.000633,0.005638,0.001633
2016-07-14,0.008344,0.015199,0.004298,-0.000233
2016-07-15,0.007662,0.000936,-0.000744,0.00163
2016-07-18,0.000912,-0.003428,0.004842,-0.00093
2016-07-19,0.000608,-0.001563,-0.016123,0.002793
2016-07-20,-0.004555,0.001096,0.053117,-0.009864
2016-07-21,-0.005796,-0.003754,-0.001967,-0.000703
2016-07-22,-0.016263,0.005495,0.013799,0.005395
2016-07-25,-0.0131,-0.002655,0.002828,0.000933
2016-07-26,-0.005373,0.004071,0.000529,-0.006177
2016-07-27,-0.006037,0.003119,-0.010042,-0.009499
2016-07-28,-0.000959,-0.003575,0.000356,0.004144
2016-07-29,-0.00352,-0.002028,0.008362,0.009197
2016-08-01,0.000321,-0.002657,-0.001764,0.009581
2016-08-02,-0.00321,-0.002351,0.0,0.00405
2016-08-03,0.002576,0.015868,0.006893,-0.009106
2016-08-04,0.001285,-0.001547,0.007372,0.000931
2016-08-05,0.003529,0.026952,0.009932,-0.003138
2016-08-08,-0.00032,-0.003017,0.001725,-0.000233
2016-08-09,0.000959,-0.00348,0.002411,0.002682
2016-08-10,-0.000958,-0.008957,-0.003093,0.003721
2016-08-11,0.00064,0.002757,0.004826,0.004866
2016-08-12,-0.001598,-0.002139,-0.006175,0.003574
2016-08-15,0.0,0.006124,0.003107,-0.00023
2016-08-16,-0.001601,-0.000152,-0.0117,-0.005056
2016-08-17,0.003206,0.002739,0.002089,0.004389
2016-08-18,0.004474,0.000911,0.000695,0.00552
2016-08-19,-0.005727,-0.001365,0.000347,-0.001487
2016-08-22,0.00224,-0.000911,0.000868,-0.005269
2016-08-23,-0.002874,-0.000456,0.003815,0.006333
2016-08-24,-0.00032,0.002737,0.001036,-0.00103
2016-08-25,-0.00032,0.00182,0.003796,0.006758
2016-08-26,0.000641,0.00227,-0.002407,-0.003641
2016-08-29,0.004163,0.011024,0.001206,0.008221
2016-08-30,0.000319,0.008215,-0.003614,-0.008607
2016-08-31,-0.004144,0.0,-0.007428,-0.002627
2016-09-01,-0.00128,-0.004296,0.002262,0.011453
2016-09-02,0.002885,0.004166,0.001389,-0.001246
2016-09-06,-0.00767,-0.000741,-0.00104,0.004989
2016-09-07,0.000322,-0.004152,0.000868,-0.007784
2016-09-08,-0.000644,0.00134,-0.003989,-0.001933
2016-09-09,-0.029961,-0.008922,-0.021243,-0.017544
2016-09-12,0.01262,0.006152,0.014944,0.023307
2016-09-13,-0.02099,-0.007903,-0.009115,-0.013598
2016-09-14,-0.005025,-0.001954,-0.004776,-0.00046
2016-09-15,0.001684,0.003614,0.01653,0.012068
2016-09-16,-0.002353,-0.012305,0.001049,-0.000114
2016-09-19,-0.008423,0.005621,-0.00559,0.003634
2016-09-20,0.008155,0.004079,-0.002108,0.002376
2016-09-21,0.006067,0.005718,0.016722,-0.008806
2016-09-22,0.006365,0.008229,0.001039,0.013554
2016-09-23,-0.004993,-0.002077,-0.006745,-0.013822
2016-09-26,-0.01171,-0.021859,-0.009229,0.001026
2016-09-27,0.01151,0.008817,0.018453,0.005805
2016-09-28,0.000669,0.005274,0.001381,0.012449
2016-09-29,-0.012375,-0.01589,-0.010856,-0.013749
2016-09-30,0.003048,0.014318,0.003484,0.017228
2016-10-03,0.000675,-0.001201,-0.003125,-0.012145
2016-10-04,-0.004723,0.001353,-0.003135,-0.003497
2016-10-05,0.0,0.016366,0.006988,0.005659
2016-10-06,-0.007797,0.002659,0.001735,0.004164
2016-10-07,-0.006491,0.003536,0.001039,0.008742
2016-10-10,-0.007565,0.007782,0.004152,-0.010444
2016-10-11,0.002079,-0.004808,-0.014645,-0.005839
2016-10-12,-0.000692,-0.002635,-0.001399,0.000339
2016-10-13,-0.004498,-0.005724,-0.003327,-0.003726
2016-10-14,0.004171,-0.003248,0.008784,0.002153
2016-10-17,-0.001385,-0.005184,-0.003483,-0.006785
2016-10-18,0.004506,0.00789,0.00769,-0.004327
2016-10-19,0.002761,0.009601,-0.002255,-0.021841
2016-10-20,0.000344,-0.001317,-0.004867,-0.007131
2016-10-21,-0.003096,0.003369,0.042096,-0.007065
2016-10-24,-0.00207,0.005548,0.022461,-0.002727
2016-10-25,-0.009336,-0.001016,-0.000164,0.034126
2016-10-26,0.007679,0.004797,-0.005903,0.004944
2016-10-27,-0.008313,0.001447,-0.008742,-0.009382
2016-10-28,0.020608,-0.001733,-0.003827,0.003003
2016-10-31,-0.004107,0.00217,0.000835,-0.000461
2016-11-01,-0.00756,-0.004187,-0.002003,0.000576
2016-11-02,-0.013504,-0.004205,-0.006187,-0.001267
2016-11-03,-0.007371,-0.004368,-0.003702,-0.001614
2016-11-04,0.005658,-0.009067,-0.008445,-0.017552
2016-11-07,0.030591,0.031287,0.029126,0.017395
2016-11-08,0.003753,0.002147,0.000828,0.010397
2016-11-09,0.007138,0.04598,-0.004961,-0.017494
2016-11-10,0.026325,0.046416,-0.024431,-0.034563
2016-11-11,0.009865,0.000522,0.005451,0.007473
2016-11-14,-0.006513,0.036771,-0.015249,-0.006939
2016-11-15,0.007866,-0.001887,0.012904,0.00747
2016-11-16,-0.000325,-0.024698,0.01325,-0.005142
2016-11-17,0.001627,0.00801,0.016597,-0.001442
2016-11-18,-0.003897,-0.003973,-0.004782,-0.012881
2016-11-21,0.006521,0.004375,0.008451,0.007805
2016-11-22,0.010042,0.00615,0.004272,0.001452
2016-11-23,0.005131,0.004202,-0.01178,-0.000967
2016-11-25,0.003191,-0.00038,0.002152,0.009434
2016-11-28,-0.006043,-0.00647,0.001322,-0.004673
2016-11-29,-0.0064,0.007661,0.007919,-0.002167
2016-11-30,-0.00934,0.015839,-0.013587,-0.005188
2016-12-01,0.020481,0.020207,-0.01759,-0.007276
2016-12-02,-0.001593,-0.002323,0.000845,0.006597
2016-12-05,-0.007339,0.020343,0.016371,0.00716
2016-12-06,0.001929,0.005165,-0.004484,-0.000964
2016-12-07,0.013795,0.004541,0.023686,0.015318
2016-12-08,-0.002215,0.01249,-0.005866,-0.008078
2016-12-09,0.007929,0.004347,0.015735,0.010419
2016-12-12,0.002517,-0.00889,0.003227,0.009008
2016-12-13,-0.003766,0.000354,0.013029,0.000587
2016-12-14,-0.007561,-0.000354,-0.004763,-0.009509
2016-12-15,-0.007619,0.014989,-0.001595,0.003674
2016-12-16,0.015675,-0.012326,-0.004474,0.0
2016-12-19,0.005354,0.005769,0.021188,0.000354
2016-12-20,0.010338,0.012876,-0.001257,-0.001653
2016-12-21,-0.003721,0.002542,0.0,-0.003429
2016-12-22,-0.009648,0.001614,0.000157,0.002254
2016-12-23,0.001886,0.001841,-0.004878,0.005801
2016-12-27,0.000627,0.000919,0.000633,-0.004237
2016-12-28,-0.00627,-0.007231,-0.004583,-0.006265
2016-12-29,0.000315,-0.007052,-0.001429,0.003331
2016-12-30,-0.003469,0.004657,-0.012083,-0.003201
2017-01-03,0.002848,0.010893,0.007081,0.001427
2017-01-04,0.000316,-0.003668,-0.004474,0.003563
2017-01-05,-0.005678,-0.009205,0.0,0.006627
2017-01-06,0.002855,0.000116,0.008668,-0.000353
2017-01-09,-0.004745,0.000697,-0.003183,-0.007409
2017-01-10,-0.002861,0.002901,-0.000319,-0.010782
2017-01-11,0.003188,0.007521,0.009103,0.003114
2017-01-12,-0.002542,-0.009646,-0.009179,0.001075
2017-01-13,-0.000956,0.005334,0.001437,0.002028
2017-01-17,-0.00287,-0.036332,-0.002711,0.014284
2017-01-18,-0.001279,0.004668,-0.00048,-0.003286
2017-01-19,-0.00064,-0.007624,-0.0032,-0.002708
2017-01-20,-0.021788,0.004442,0.007063,0.032468
2017-01-23,-0.025549,0.000478,0.003507,-0.005603
2017-01-24,0.008403,0.012065,0.008895,0.01035
2017-01-25,0.012333,0.015463,0.002519,-0.007967
2017-01-26,-0.001646,0.008369,0.009265,-0.006425
2017-01-27,-0.010224,0.002075,0.023495,0.001386
2017-01-30,-0.001666,-0.010353,-0.009881,0.000346
2017-01-31,-0.008678,-0.016273,-0.00737,0.009798
2017-02-01,-0.000337,0.003781,-0.016551,-0.003082
2017-02-02,-0.000337,-0.004238,-0.006449,0.004924
2017-02-03,0.000674,0.030618,0.008073,-0.003988
2017-02-06,-0.001347,-0.004703,-0.000628,-0.000114
2017-02-07,-0.003372,-0.000576,-0.0033,0.006979
2017-02-08,-0.004398,-0.008764,-0.001419,0.003636
2017-02-09,0.005437,0.014425,0.011367,0.003849
2017-02-10,0.004393,-0.002294,-0.000937,-0.007894
2017-02-13,0.010767,0.013218,0.01125,0.003865
2017-02-14,0.007989,0.015995,-0.002318,-0.005096
2017-02-15,0.002312,0.011501,-0.000619,0.037104
2017-02-16,0.003295,-0.000662,-0.000155,-0.003622
2017-02-17,-0.002627,-0.003314,0.00155,0.003304
2017-02-21,0.004939,0.008645,-0.002012,0.006367
2017-02-22,-0.006225,0.000549,-0.002016,-0.002509
2017-02-23,-0.010221,0.000769,0.00404,-0.00339
2017-02-24,0.005663,-0.008779,0.0,-0.000878
2017-02-27,-0.008281,0.001107,-0.006035,-0.001757
2017-02-28,-0.004342,0.002101,-0.003892,0.00198
2017-03-01,0.012747,0.032885,0.015005,0.006479
2017-03-02,0.0,-0.015598,-0.014321,-0.008182
2017-03-03,-0.002319,0.007163,0.003749,-0.00451
2017-03-06,-0.003984,-0.009483,0.000311,-0.001436
2017-03-07,-0.004667,-0.005548,0.002023,-0.000885
2017-03-08,-0.002009,-0.002188,0.009161,-0.001661
2017-03-09,-0.004698,0.003947,-0.004001,0.002219
2017-03-10,0.020904,-0.003167,0.00309,0.008081
2017-03-13,-0.013871,0.000876,-0.003388,0.002635
2017-03-14,-0.010717,0.001642,-0.004636,-0.003395
2017-03-15,0.007448,0.002404,0.005279,0.004396
2017-03-16,-0.000336,-0.000981,-0.001699,0.000438
2017-03-17,0.00437,-0.010476,0.003558,-0.004812
2017-03-20,-0.004685,-0.007168,0.000925,0.002418
2017-03-21,-0.011769,-0.029324,-0.011089,-0.000329
2017-03-22,0.004764,0.001602,0.012771,-0.002193
2017-03-23,0.003048,-0.001599,-0.00246,-0.002418
2017-03-24,0.003376,-0.001144,0.001696,-0.002203
2017-03-27,-0.009421,-0.000573,0.001847,-0.000883
2017-03-28,0.006114,0.015589,0.002919,0.002984
2017-03-29,0.002026,-0.003725,0.002757,-0.001763
2017-03-30,0.006402,0.00861,0.003666,-0.004415
2017-03-31,-0.002343,-0.013366,0.002283,-0.00388
2017-04-03,0.002685,-0.003643,-0.004707,-0.001892
2017-04-04,0.004685,-0.002399,0.002746,0.002565
2017-04-05,-0.001666,-0.012828,-0.002586,0.000667
2017-04-06,-0.001335,0.003365,0.002593,-0.006335
2017-04-07,0.002005,-0.003469,-0.000761,-0.001902
2017-04-10,0.000667,-0.003481,-0.002284,0.002914
2017-04-11,0.001,-0.001747,-0.000763,0.003464
2017-04-12,-0.008988,-0.003849,-0.003818,0.005679
2017-04-13,-0.007054,-0.01171,-0.004293,-0.0031
2017-04-17,0.002706,0.017299,0.00816,0.003999
2017-04-18,0.006748,-0.008153,-0.001374,0.004536
2017-04-19,0.005362,-0.00822,-0.005353,-0.013216
2017-04-20,0.009,0.012906,0.007073,-0.003013
2017-04-21,-0.023786,-0.01204,0.01374,-0.007948
2017-04-24,0.0,0.035258,0.017018,0.010494
2017-04-25,-0.003384,0.008686,0.005775,0.005137
2017-04-26,-0.006452,0.001926,-0.001325,-0.025219
2017-04-27,-0.006152,-0.009273,0.006487,-0.00057
2017-04-28,-0.003095,-0.006963,0.002783,-0.004105
2017-05-01,-0.001725,0.00069,0.013877,-0.002748
2017-05-02,0.001728,-0.006432,-0.001585,-0.00999
2017-05-03,0.008279,0.00578,-0.003175,0.002436
2017-05-04,-0.001026,0.001149,-0.003909,0.000231
2017-05-05,0.000685,-0.001148,0.002761,0.000578
2017-05-08,-0.005133,0.001149,-0.00087,0.000578
2017-05-09,-0.004816,-0.004018,0.001451,-0.001733
2017-05-10,-0.00795,0.007839,0.003911,0.001042
2017-05-11,0.005923,-0.003088,-0.012264,-0.0037
2017-05-12,-0.020783,-0.002754,-0.001169,0.000232
2017-05-15,-0.003184,0.004832,0.000731,0.001624
2017-05-16,-0.004968,0.003091,0.014321,-0.001043
2017-05-17,-0.022468,-0.038124,-0.027806,0.000232
2017-05-18,0.002554,-0.003679,0.003408,-0.004521
2017-05-19,0.020742,0.009767,-0.000295,0.004309
2017-05-22,0.004635,-0.000944,0.011228,-0.000348
2017-05-23,0.003549,0.012515,0.00336,-0.001508
2017-05-24,-0.015912,-0.000583,0.00131,0.004879
2017-05-25,-0.012217,-0.0042,0.01236,0.004162
2017-05-26,-0.001455,0.000117,0.005027,0.00449
2017-05-30,-0.003279,-0.017104,0.006288,0.001719
2017-05-31,0.000731,-0.020858,-0.008095,0.007895
2017-06-01,0.012418,0.011077,0.003723,0.000454
2017-06-02,0.005772,-0.005057,0.02368,0.00522
2017-06-05,0.003587,0.001815,0.007246,0.001693
2017-06-06,-0.001787,0.002053,0.00332,0.000676
2017-06-07,-0.008951,0.011451,-0.001793,-0.000338
2017-06-08,-0.003251,0.012394,-0.006147,-0.010364
2017-06-09,0.012686,0.023661,-0.022587,0.003529
2017-06-12,0.035791,0.00023,-0.007679,0.000907
2017-06-13,-0.016932,0.003334,0.012468,-0.00204
2017-06-14,0.008436,-0.002063,-0.005379,0.004315
2017-06-15,0.008714,-0.005971,-0.005265,0.010629
2017-06-16,0.002073,-0.004505,0.001431,0.003133
2017-06-19,-0.006897,0.021931,0.012429,0.002231
2017-06-20,-0.023264,-0.006245,-0.013546,-0.00256
2017-06-21,-0.012442,-0.00457,0.005149,-0.002566
2017-06-22,-0.008279,-0.001148,-0.000142,-0.004139
2017-06-23,0.000726,-0.001839,0.013521,0.004381
2017-06-26,0.001451,0.004375,-0.009549,-0.000671
2017-06-27,-0.014488,0.009285,-0.018715,-0.008393
2017-06-28,-0.004778,0.020102,0.008525,-0.002708
2017-06-29,-0.002216,0.014807,-0.018768,-0.015616
2017-06-30,-0.00037,0.002743,0.006424,0.001839
2017-07-03,0.01629,0.01477,-0.011026,0.00677
2017-07-05,-0.003643,0.010027,0.013349,-0.000798
2017-07-06,-0.038026,-0.003202,-0.007383,-0.003422
2017-07-07,-0.006081,0.005033,0.012979,0.003205
2017-07-10,-0.004207,-0.007032,0.007486,-0.006389
2017-07-11,0.013057,-0.003863,0.000143,-0.003674
2017-07-12,0.007582,-0.003447,0.016574,0.00219
2017-07-13,0.007901,0.006378,0.008714,-0.00299
2017-07-14,-0.000373,-0.00913,0.014073,0.004614
2017-07-17,0.001494,-0.009322,0.007832,0.005166
2017-07-18,0.00261,-0.003501,-0.000682,0.01245
2017-07-19,0.001859,0.001427,0.00764,-0.003272
2017-07-20,-0.00928,0.0,0.005145,0.00283
2017-07-21,-0.029224,-0.003399,-0.006061,0.000113
2017-07-24,-0.018526,0.004291,-0.002575,-0.004853
2017-07-25,0.000393,0.016652,0.008016,0.010887
2017-07-26,0.005896,-0.009375,-0.001887,0.001795
2017-07-27,0.007816,-0.004134,-0.012019,0.015454
2017-07-28,-0.010081,-0.002949,-0.00164,-0.005183
2017-07-31,0.003134,0.005697,-0.004381,0.006762
2017-08-01,-0.006638,0.013399,-0.001925,0.003083
2017-08-02,0.003145,0.00086,-0.004409,-0.000659
2017-08-03,0.009404,-0.006551,-0.001522,-0.001977
2017-08-04,0.000776,0.012541,0.007346,-0.002091
2017-08-07,-0.005818,0.003844,-0.003853,0.008492
2017-08-08,-0.002731,-0.003616,0.005387,0.001531
2017-08-09,0.005869,-0.001601,-0.004396,0.003713
2017-08-10,-0.015947,-0.014327,-0.014627,-0.001958
2017-08-11,-0.003953,-0.008352,0.015264,-0.00436
2017-08-14,0.006349,0.011704,0.015034,0.003394
2017-08-15,-0.008675,0.002595,-0.005028,0.006001
2017-08-16,-0.001591,-0.006902,0.005873,0.002603
2017-08-17,-0.013944,-0.015637,-0.016972,-0.004003
2017-08-18,-0.008081,0.000993,0.001243,0.004345
2017-08-21,-0.002444,-0.001212,-0.00469,0.004218
2017-08-22,0.004492,0.010262,0.013999,-0.000754
2017-08-23,-0.008537,0.001201,-0.006014,-0.003772
2017-08-24,-0.00369,-0.001636,-0.000413,-0.001839
2017-08-25,0.007819,0.004043,0.001788,0.002601
2017-08-28,-0.000817,-0.003156,0.000137,-0.000432
2017-08-29,-0.001226,-0.005459,0.003021,-0.001622
2017-08-30,-0.006547,0.002305,0.013142,-0.004874
2017-08-31,0.01112,-0.0046,0.010269,0.004354
2017-09-01,0.024033,0.008912,-0.011101,0.002818
2017-09-05,-0.015115,-0.023882,-0.004463,0.002053
2017-09-06,0.006462,0.006703,-0.002853,0.0
2017-09-07,-0.036116,-0.017534,0.012807,0.002696
2017-09-08,-0.008326,-0.001243,-0.004843,-0.001398
2017-09-11,-0.004198,0.015494,0.010543,0.012387
2017-09-12,0.00801,0.012251,-0.00107,-0.005107
2017-09-13,0.008365,0.002861,0.007097,0.000428
2017-09-14,0.006221,-0.001975,-0.00585,0.0
2017-09-15,-0.013603,0.007145,0.007222,-0.002993
2017-09-18,0.022148,0.014189,-0.001992,-0.001287
2017-09-19,-0.01063,0.010977,0.003725,0.01095
2017-09-20,0.004959,0.007026,-0.006628,0.002442
2017-09-21,0.017681,0.004545,-0.009741,-0.018644
2017-09-22,0.004848,-0.002105,0.002695,-0.004318
2017-09-25,0.00965,-0.007487,-0.015455,0.005204
2017-09-26,-0.007168,-0.004462,0.0,-0.000755
2017-09-27,-0.022463,0.015795,0.008054,-0.019212
2017-09-28,-0.005334,0.002101,0.000271,0.00022
2017-09-29,-0.002475,0.001363,0.008393,0.00099
2017-10-02,0.016129,0.013925,0.001611,0.008683
2017-10-03,0.009361,0.005266,-0.004691,0.003814
2017-10-04,-0.012903,-0.010169,0.00579,0.003257
2017-10-05,0.002451,0.007576,0.017138,-0.00422
2017-10-06,-0.006112,-0.001751,0.000395,0.00326
2017-10-09,-0.03936,-0.005262,0.003816,-0.002274
2017-10-10,-0.002988,0.007468,0.0,-0.005428
2017-10-11,-0.012414,-0.002986,0.001704,-0.001746
2017-10-12,-0.000867,-0.008777,0.00916,0.007544
2017-10-13,-0.003037,-0.001354,0.004798,0.009658
2017-10-16,0.016536,0.020655,0.002065,0.001075
2017-10-17,-0.007277,-0.002249,-0.000773,-0.00365
2017-10-18,-0.003019,0.00379,0.000258,-0.000323
2017-10-19,0.019896,0.001225,0.003865,-0.01272
2017-10-20,0.010602,0.01427,0.011552,-0.036467
2017-10-23,-0.063366,-0.001708,0.000254,-0.010765
2017-10-24,-0.019265,0.015905,0.000381,-0.003666
2017-10-25,-0.016674,0.001288,-0.002917,-0.00161
2017-10-26,-0.009524,0.006828,0.001653,0.0076
2017-10-27,-0.024859,0.000295,0.064119,-0.005257
2017-10-30,-0.018278,-0.003537,0.000955,-0.008847
2017-10-31,-0.012249,-0.007889,-0.008463,0.000811
2017-11-01,-0.006944,0.003081,0.0,0.00637
2017-11-02,-0.003996,0.006639,0.010459,-0.004373
2017-11-03,0.01003,-0.001772,0.001071,0.000809
2017-11-06,-0.000497,-0.006212,0.003922,-0.006122
2017-11-07,0.003974,-0.020143,-0.002368,0.010808
2017-11-09,-0.010886,-0.011342,-0.002136,0.009198
2017-11-10,0.025013,-0.001229,-0.002616,0.004329
2017-11-13,-0.071742,0.003589,0.000715,0.009528
2017-11-14,-0.058885,-0.006029,0.00143,-0.001461
2017-11-15,0.020112,0.009458,-0.012731,-0.007202
2017-11-16,-0.000548,0.002852,0.002651,0.011561
2017-11-17,-0.002192,-0.003351,-0.009615,-0.009188
2017-11-20,-0.01263,0.008865,0.001578,-0.001809
2017-11-21,-0.008343,-0.000808,0.014419,0.005098
2017-11-22,0.017947,-0.002931,-0.007286,-0.004396
2017-11-24,0.002204,-0.003244,0.001805,0.001359
2017-11-27,-0.003848,-0.003967,0.007326,0.005766
2017-11-28,0.016004,0.035025,0.012042,0.004946
2017-11-29,0.003802,0.023382,-0.018143,-0.000224
2017-11-30,-0.010281,0.007616,0.009959,0.006825
2017-12-01,-0.022417,0.002583,0.001069,0.004112
2017-12-04,0.003915,0.020613,-0.03774,0.01162
2017-12-05,-0.010585,-0.011501,0.00629,-0.000109
2017-12-06,-0.005631,-0.007473,0.014585,-0.001641
2017-12-07,0.002831,-0.002954,-0.003503,-0.012603
2017-12-08,0.0,0.012522,0.020245,0.002997
2017-12-11,-0.003388,-0.002926,0.012714,-0.001549
2017-12-12,0.014731,0.011646,0.004107,-0.004211
2017-12-13,-0.008375,-0.012541,-0.002688,0.011464
2017-12-14,-0.006757,-0.008056,-0.007733,0.00132
2017-12-15,0.010204,0.014141,0.025505,0.00978
2017-12-18,-0.003367,0.007726,-0.005412,-0.000109
2017-12-19,-0.009572,-0.004207,-0.006367,-0.002177
2017-12-20,-0.007959,-0.003474,-0.003612,-0.001636
2017-12-21,0.001146,0.015922,-0.000234,0.00153
2017-12-22,0.001717,-0.003524,0.000117,0.005018
2017-12-26,-0.004,-0.004002,-0.001286,0.003799
2017-12-27,-0.002869,0.001869,0.00363,-0.004109
2017-12-28,-0.001151,0.005316,0.000117,-0.000326
2017-12-29,0.005184,-0.007886,-0.0021,-0.002064
2018-01-02,0.030372,0.009445,0.004793,-0.013387
2018-01-03,0.009455,0.001019,0.004654,-0.001213
2018-01-04,0.020937,0.009069,0.008801,0.007069
2018-01-05,0.00054,-0.00642,0.012398,0.000658
2018-01-08,-0.014024,0.001477,0.001021,0.005261
2018-01-09,0.015317,0.005069,-0.00068,-0.007305
2018-01-10,0.019881,0.011004,-0.004534,-0.00637
2018-01-11,0.004807,0.005351,0.002961,-0.003537
2018-01-12,-0.01367,0.01651,0.01703,-0.00599
2018-01-16,-0.029318,-0.00355,-0.013731,0.006807
2018-01-17,-0.047227,0.006413,0.02026,0.010862
2018-01-18,-0.033429,0.00239,-0.000444,-0.011184
2018-01-19,-0.030411,-0.002207,-0.00111,0.009869
2018-01-22,-0.005535,0.01168,0.017889,0.009004
2018-01-23,0.044527,-0.00105,0.003166,-0.030907
2018-01-24,-0.026643,0.012783,-0.000871,-0.00831
2018-01-25,-0.015815,0.000259,0.005554,0.00034
2018-01-26,-0.00309,0.005359,0.018737,-0.006905
2018-01-29,0.009299,-0.001032,-0.001488,-0.009917
2018-01-30,-0.02027,-0.00938,-0.012564,0.001036
2018-01-31,0.013793,0.004865,0.024477,-0.007016
2018-02-01,-0.009276,0.010374,-0.007894,-0.005675
2018-02-02,-0.02372,-0.022161,-0.02631,-0.018637
2018-02-05,-0.046675,-0.047952,-0.029745,-0.037864
2018-02-06,0.024145,0.030423,0.025604,0.016284
2018-02-07,-0.00131,0.006779,-0.018833,-0.006555
2018-02-08,-0.052459,-0.04421,-0.052673,-0.019795
2018-02-09,0.03391,0.020022,0.037814,-0.00374
2018-02-12,-0.008032,0.015449,0.011691,0.017643
2018-02-13,-0.010121,0.006175,0.007854,0.00209
2018-02-14,0.015678,0.023126,0.010909,-0.010061
2018-02-15,-0.003356,0.004173,0.020372,0.021443
2018-02-16,0.013468,-0.007186,-0.007123,0.002306
2018-02-20,-0.020598,0.000262,0.007826,-0.015254
2018-02-21,-0.016961,0.004184,-0.013266,-0.013523
2018-02-22,0.008972,-0.001823,0.002733,0.007478
2018-02-23,-0.008892,0.020264,0.025289,0.002598
2018-02-26,0.011042,0.012446,0.014459,0.007156
2018-02-27,-0.010239,-0.011872,-0.012786,-0.013353
2018-02-28,-0.026897,-0.015849,-0.004565,-0.025081
2018-03-01,-0.006378,-0.017922,-0.009811,0.002292
2018-03-02,0.007133,-0.00097,0.002154,0.010165
2018-03-05,0.021246,0.015355,0.006341,0.009937
2018-03-06,0.015257,0.000869,-0.003417,-0.003363
2018-03-07,-0.00888,-0.003734,0.005787,-0.010747
2018-03-08,0.000689,8.7e-05,0.006073,0.010232
2018-03-09,0.028926,0.028761,0.022345,0.004002
2018-03-12,0.01071,-0.003219,0.002382,-0.005356
2018-03-13,-0.044371,-0.011984,-0.024388,-0.001753
2018-03-14,-0.011088,-0.011183,-0.005932,-0.009032
2018-03-15,0.006307,0.002523,0.003516,-0.004177
2018-03-16,-0.003482,0.001736,0.00446,0.003813
2018-03-19,-0.016771,-0.007883,-0.018076,-0.003926
2018-03-20,-0.030561,0.00096,0.002584,-0.00445
2018-03-21,0.017595,0.000872,-0.006979,-0.016218
2018-03-22,-0.038184,-0.041747,-0.029087,-0.008178
2018-03-23,-0.020974,-0.026739,-0.029068,-0.006544
2018-03-26,-0.013772,0.030838,0.075705,0.006587
2018-03-27,0.042669,-0.0194,-0.045959,0.01806
